org,repo,datalake,github
Microsoft,filter-explorer,180,180
Microsoft,matchem-poker-wp,9,9
Microsoft,TFS_NPM_Native,8,8
Microsoft,opencv,16879,16785
Microsoft,tracks,26,26
Microsoft,packer-hyperv,20,18
Microsoft,Win2D,1308,1295
Microsoft,StorScore,115,114
Microsoft,bond,1122,692
Microsoft,java-client-library,67,64
Microsoft,mwt-ds-decision-deprecated-,4050,4050
Microsoft,moodle-local_onenote,146,144
Microsoft,moodle-profilefield_o365,22,22
Microsoft,test-suite,3666,3666
Microsoft,AppInsights-ElasticSearch,33,33
Microsoft,CardinalityEstimation,37,32
Microsoft,CodeContracts,764,608
Microsoft,moodle-block_onenote,88,88
Microsoft,LLVMSharp,61,43
Microsoft,cordova-samples,221,216
Microsoft,MicrosoftStoreApi-docs-internal,2,2
Microsoft,nodejstools,3467,2946
Microsoft,steprunner,2,2
Microsoft,MetricSystem,22,22
Microsoft,vso-extension-tools,161,160
Microsoft,ApplicationInsights-Go,22,7
Microsoft,DirectXTK,448,431
Microsoft,java-example-rbroker-basics,3,3
Microsoft,react-native-code-push,1727,0
Microsoft,touchdevelop-mod,20,20
Microsoft,RTVS,6792,6477
Microsoft,ApplicationInsights-Docker,118,118
Microsoft,TypeScript-Package-Validator,3,3
Microsoft,GSLSpec,6,0
Microsoft,VisualFileInfo,1,1
Microsoft,healthvault-ios-sdk,215,133
Microsoft,microsoft-pdb,56,55
Microsoft,WPFDXInterop,47,36
Microsoft,wdg-cpub-test,1980,1918
Microsoft,vscode-extension-samples,122,126
Microsoft,vscode-mono-debug,218,229
Microsoft,cortana-samples,2,2
Microsoft,Multiverso,901,894
Microsoft,node-windows-mutex,25,25
Microsoft,MySQL-Provider,849,841
Microsoft,hardware-lab-kit,72,72
Microsoft,VirtualPCGuy-Private,4,4
Microsoft,vscode-tslint,293,302
Microsoft,StopGuessing,180,171
Microsoft,cordova-plugin-livereload,130,130
Microsoft,PythonInternalSite,3,3
Microsoft,vsts-bamboo-build-integration-sample,2,2
Microsoft,ospo-redir,15,15
Microsoft,MSR-SocialPlus-iOS-SDK,6,6
Microsoft,Imagine_fudge-roll,10,8
Microsoft,Office-js-docs_ko-kr,1,1
Microsoft,vsts-vscode,468,273
Microsoft,Angara.Statistics,52,50
Microsoft,PowerBI-visuals-community,45,45
Microsoft,MadMan,2,2
Microsoft,Build-Apache-Provider,26,26
Microsoft,Print-Cards-Extension,1,1
Microsoft,Fang,1,1
Microsoft,willow,6,4
Microsoft,VBA-content_fr-fr,17,17
Microsoft,dotnet-performance,11,10
Microsoft,MIMDocs,731,734
Microsoft,vs-diag-samples,39,39
Microsoft,generator-bingads-webpack-library,1,1
Microsoft,pxt-botframework,19,19
Microsoft,ChakraCore-wiki,400,439
Microsoft,Cognitive-Samples-FootnoteBot,11,9
Microsoft,vscode-sublime-keybindings,104,100
Microsoft,cci,71,58
Microsoft,RESX-Unused-Finder,10,10
Microsoft,pxt-sample,111,111
Microsoft,NTVS-telemetry-test,1,1
Microsoft,navonline-doc,21,19
Microsoft,AdventureWorksSkiApp,186,64
Microsoft,Cognitive-SpeakerRecognition-Windows,38,39
Microsoft,Cognitive-EntityLinking-Windows,19,10
Microsoft,HashCalculator,15,16
Microsoft,PowerBI-Node,101,79
Microsoft,MTMBuddy,14,14
Microsoft,PowerBI-visuals-contracts,18,18
Microsoft,mwt-ds,4789,4797
Microsoft,ospo-opensource-repos,1779,1301
Microsoft,Mesh-processing-library,42,42
Microsoft,DesktopBridgeToUWP-Samples,199,206
Microsoft,remotebuild,2138,2140
Microsoft,MSITARM1,2,1
Microsoft,vstest-docs,154,80
Microsoft,iCMSTest-Stage_de-DE,1123,1123
Microsoft,azure-mobile-apps-with-ionic,2,1
Microsoft,MicrosoftUWP_Unreal_Engine,1,1
Microsoft,MicrosoftUWP_UnrealEngine,48839,48839
Microsoft,api-guidelines,99,78
Microsoft,iCMS_WDG_Pilot_II_Prod_es-CO,1,1
Microsoft,ionic2-starter-blank,1,1
Microsoft,iCMS_WDG_Pilot_II_Prod_ha-Latn-NG,309,309
Microsoft,iCMS_WDG_Pilot_II_Prod_lt-LT,1106,1113
Microsoft,tfsgit-pr-injector,45,30
Microsoft,Imagine_street-racing,2,2
Microsoft,DirectXTK12,122,130
Microsoft,XamarinAzure_ShoppingDemoApp,19,19
Microsoft,dotnet-computevirtualization-tests,12,11
Microsoft,templates.vs.com,84,24
Microsoft,vstest,2117,563
Microsoft,satcheljs-todomvc,34,13
Microsoft,vsts-dockerfiles,17,21
Microsoft,Console-Docs,16,14
Microsoft,iCMS_WDG_Pilot_II_Prod_en-ZA,1,1
Microsoft,gulp-core-build,146,137
Microsoft,iCMS_WDG_Pilot_II_Prod_he-IL,1092,1099
Microsoft,load-themed-styles,61,55
Microsoft,iCMS_WDG_Pilot_II_Prod_pl-PL,1092,1099
Microsoft,edx-configuration,8412,8325
Microsoft,iCMS_WDG_Pilot_II_Prod_sl-SI,1092,1099
Microsoft,CMakeDebug,30952,0
Microsoft,iCMS_WDG_Pilot_II_Prod_th-TH,1095,1102
Microsoft,DSC-data-driven-deployment,61,61
Microsoft,CortanaSkillsAscend,48,6
Microsoft,Microsoft-graph-docs_es-es,23,24
Microsoft,sarif-viewer-vsix,1,1
Microsoft,techcasestudies,766,1120
Microsoft,Out-of-Office-Addin,6,6
Microsoft,pxt-neopixel,80,87
Microsoft,openpublishing-vscode-markdown,5,4
Microsoft,Azure-SQL-DB-auditing-OMS-integration-samples,1,1
Microsoft,Cognitive-LUIS-Windows,32,25
Microsoft,LastTest_fr-FR,1,1
Microsoft,LightGBM,1366,619
Microsoft,OD-NetCaps,5,0
Microsoft,gulp-core-build-webpack,67,66
Microsoft,oxa-tools-config,236,193
Microsoft,dts-gen,81,91
Microsoft,OnPrem-Cloud,1,1
Microsoft,Techcon_dogfooding2_de-DE,2,0
Microsoft,DevSkim-Sublime-Plugin,41,45
Microsoft,Techcon_dogfooding2_es-ES,2,0
Microsoft,project-rome,110,179
Microsoft,Git-Process-Management,321,294
Microsoft,TestManagementPacks,3,3
Microsoft,sp-dev-docs.de_de,13,19
Microsoft,BotBuilder-Azure,53,32
Microsoft,vscode-markdown-atom-grammar,3,3
Microsoft,csi-docs,202,219
Microsoft,web-build-tools,3575,2112
Microsoft,xbox-live-unity-plugin,140,38
Microsoft,BikeSharing360_Websites,16,16
Microsoft,bing-knowledge-graph-explorer,5,5
Microsoft,PowerBI-visuals-ClusterMap,106,98
Microsoft,DSC-EA,0,0
Microsoft,smartfactory_toolkit,0,0
Microsoft,PageTesting,5,5
Microsoft,ospo-ghcrawler,449,411
Microsoft,HealthChecker,0,0
Microsoft,Cognitive-Custom-Speech-Service,17,16
Microsoft,xbox-live-samples,68,35
Microsoft,AL,119,87
Microsoft,depcontrols,2,2
Microsoft,sf-compose,4,4
Microsoft,AzureMonitorAddonForSplunk,46,83
Microsoft,PowerBI-visuals-TimeBrush,584,584
Microsoft,delete-me-please,4,4
Microsoft,toronto-docs,13,13
Microsoft,Windows-appsample-get-started-js3d,1,1
Microsoft,RS2-BugBash2-Feb17,740,677
Microsoft,VS2017-RTM-Xamarin-Cycle-9-Forms-Azure-Sample,25,25
Microsoft,powerbi-visuals-timeseriesdecomposition,4,1
Microsoft,vssetup.powershell,81,63
Microsoft,BotFramework-Samples,4,4
Microsoft,powerbi-visuals-mekkochart,20,2
Microsoft,git,70745,0
Microsoft,GVFS,9,11
Microsoft,WebPlatformInstallerFeed,24,35
Microsoft,VSPackageDesigner,7,7
Microsoft,rras-utils,3,3
Microsoft,healthvault-java-sdk,15,22
Microsoft,pxt-minecraft-built,27,70
Microsoft,BLIS-SDK-SAMPLE,27,51
Microsoft,mico-fs-mbed-os5,3,3
Microsoft,tfs-cli-privacy,3,3
Microsoft,MRDesignLabs_Unity_Notes,3,8
Microsoft,openshift-origin,26,19
Microsoft,docker-buildx,2,3
Microsoft,Cognitive-Face-DotNetCore,8,9
Microsoft,movie-db-java-on-gcp,0,3
Microsoft,mobile-center-plugin-fastlane,23,0
Microsoft,SubscribableEvent,7,8
Microsoft,ctsTraffic,0,67
Microsoft,map-explorer,22,22
Microsoft,PartnerCenterPowerShellModule,20,28
Microsoft,dynamic-layout-sample,12,12
Microsoft,solitaire-wp,7,7
Microsoft,surveillance-camera,8,8
Microsoft,nokia-x-notifications-samples,6,6
Microsoft,mesos-azure,2,2
Microsoft,java-example-fraud-score,26,26
Microsoft,msopentech-tools-for-intellij,697,688
Microsoft,Lumia-Imaging-SDK-Extras,42,42
Microsoft,referencesource,34,20
Microsoft,o365rwsclient,14,14
Microsoft,Azure-Websites-Tool-for-Linux,1,1
Microsoft,Microsoft.IO.RecyclableMemoryStream,62,60
Microsoft,EDK2,442,416
Microsoft,CppLab,215,0
Microsoft,Incast,6,6
Microsoft,msbuild,3660,0
Microsoft,dotnet-tools,93,93
Microsoft,ApplicationInsights-JS,1027,967
Microsoft,node-v0.12,10757,10739
Microsoft,Tocino,9190,9190
Microsoft,vsts-extension-samples,255,240
Microsoft,PartsUnlimitedMRP,661,342
Microsoft,Office-Online-Test-Tools-and-Documentation,518,394
Microsoft,WindowsUIDevLabs,234,241
Microsoft,psci-lib,51,51
Microsoft,mwt-ds-explore-test,22,22
Microsoft,3-in-1-dock,10,5
Microsoft,WingTipTickets,479,408
Microsoft,ospo-scanning,6,6
Microsoft,code-push,990,889
Microsoft,Virtualization-Documentation-Private,6389,5793
Microsoft,ApplicationInsights-Announcements,2,2
Microsoft,nodejs-guidelines,156,0
Microsoft,vscode-connect,11,0
Microsoft,Bowtie,193,191
Microsoft,java-vm-creation-private,71,76
Microsoft,vscode-debugadapter-node,249,252
Microsoft,Apache-Provider,1341,1335
Microsoft,ivy,327,319
Microsoft,KafkaDiskRebalancerTool,4,4
Microsoft,vscode-update-server,161,167
Microsoft,vsts-jenkins-build-integration-sample,4,4
Microsoft,CNTK-exp-private,9389,9334
Microsoft,HoloToolkit-Unity,1641,1289
Microsoft,ospo-witness,32,31
Microsoft,kindscript-microbit-skeleton,8,8
Microsoft,Loop-Android-SDK,439,210
Microsoft,TypeSearch,40,38
Microsoft,PowerBI-Angular2,2,2
Microsoft,leaf-plugin-vcq,9,9
Microsoft,deprecated-pxt-makerjs,8,0
Microsoft,IdentityARMTemplates,2,2
Microsoft,ApplicationInsights-statsd,6,6
Microsoft,OMS-Ingestion-API-Binding-CSharp,30,30
Microsoft,Loop-Sample-Location-IOS,15,7
Microsoft,Cognitive-Face-Windows,121,38
Microsoft,vscode-uri,29,27
Microsoft,BotFrameworkDocsV1,1,1
Microsoft,BotFramework-WebChat,1132,1013
Microsoft,sqltoolsservice,2030,0
Microsoft,PowerBI-visuals-tree,22,22
Microsoft,sarif-viewer-vscode,28,20
Microsoft,Dynamics-AX-Scripts,4,4
Microsoft,appium,5987,5977
Microsoft,DevSkim,47,64
Microsoft,TheanoPTest,1,1
Microsoft,PowerBI-visuals-something,1,1
Microsoft,common-data-model,716,715
Microsoft,mssql-conf,42,10
Microsoft,Microsoft-graph-docs_ja-jp,52,54
Microsoft,Microsoft-graph-docs_de-de,49,51
Microsoft,hd-vm,561,640
Microsoft,OpenType-SVG-Font-Editor,1,1
Microsoft,ICMSE2ETest_de-DE,267,355
Microsoft,groove-api-sdk-csharp,46,47
Microsoft,Techcon_dogfooding_de-DE,12,12
Microsoft,techcon_dogfooding_mt,4,4
Microsoft,TestDemoKev_zh-TW,9,9
Microsoft,appium-windows-driver,40,40
Microsoft,Windows-appsample-coloringbook,6,6
Microsoft,BashOnWindows-Test,32,32
Microsoft,developer,9,8
Microsoft,tigertoolbox,166,177
Microsoft,AzureNotebooks,32,32
Microsoft,LoopBox-InputProcessor,4,4
Microsoft,BotBuilder-Location,248,124
Microsoft,deprecated-pxt-microbitorg-built,0,0
Microsoft,MLCluster,1582,1582
Microsoft,PowerBI-visuals-AsterPlot,33,33
Microsoft,types-registry,1,1
Microsoft,powerbi-visuals-sanddance,14,15
Microsoft,vscode-azure-pack,8,6
Microsoft,Infer.NET,0,0
Microsoft,Essex-PowerBI-visuals-base,158,158
Microsoft,DLWorkspace,592,594
Microsoft,powerbi-visuals-dotplot,14,14
Microsoft,powerbi-visuals-streamgraph,16,16
Microsoft,HomeTeam,324,334
Microsoft,configure-azure-appservice-private-npm-feed,2,2
Microsoft,BotFramework-DirectLineJS,70,73
Microsoft,graph-test,0,0
Microsoft,BingMapsV8CodeSamples,44,62
Microsoft,line-bot-awards-azure-starter-kit,6,0
Microsoft,demo-first-response-online,15,19
Microsoft,mobile-center-quickstart-ios,0,0
Microsoft,organizational-sticky-notes,4,4
Microsoft,Picnic,5,7
Microsoft,Smart-Energy-Foundation-Demo-Stack,0,12
Microsoft,powerbi-visuals-heatmap,24,5
Microsoft,movie-db-java-on-azure,183,68
Microsoft,ctsTraffic,0,67
Microsoft,azureIotdevkitscript,140,113
Microsoft,myhealthclinic2017,3,5
Microsoft,slow-cheetah,118,369
Microsoft,archi-builder,1,3
Microsoft,CRA,6,7
Microsoft,IPC.Bond,3,3
Microsoft,FourQlib,35,35
Microsoft,TypeScript-Knockout-Starter,6,6
Microsoft,launchapp-tag-maker,5,5
Microsoft,maps-samples,18,18
Microsoft,iOS-LensRocket,23,23
Microsoft,microsoft.github.io,213,197
Microsoft,Docker.DotNet,360,291
Microsoft,Test-CLA-Hub-PPE,4,0
Microsoft,ApplicationInsights-PHP,62,59
Microsoft,ConnectedServicesSdkSamples,28,28
Microsoft,moodle-local_msaccount,62,60
Microsoft,moodle-local_microsoftservices,33,33
Microsoft,compiler-rt,5792,5791
Microsoft,IssueLens,61,61
Microsoft,HockeyApp-SDKsAndApps-Resources,32,32
Microsoft,perfview,715,632
Microsoft,RoomAliveToolkit,13,94
Microsoft,TypeScript-Emacs-Plugin,1,1
Microsoft,maker.js,1112,1123
Microsoft,libnetwork,330,0
Microsoft,NFC-Class-Extension-Driver,122,46
Microsoft,microsoft-deployment-accelerator-for-hybris-on-azure,22,22
Microsoft,mwt-ds-explore-csharp,3636,3636
Microsoft,vsts-zendesk-app,89,72
Microsoft,ApplicationInsights-App-Windows,58,55
Microsoft,xunit-performance,705,547
Microsoft,DockerTools,12,16
Microsoft,NativeTooling,18,21
Microsoft,code-push-site-private,296,281
Microsoft,taco-simulate,21,19
Microsoft,vscode-comment,58,58
Microsoft,code-push-vsts-extension,188,187
Microsoft,vscode-jshint,66,64
Microsoft,Mobius,1497,1067
Microsoft,vsts-developer-tools,198,198
Microsoft,ts-api-checker,9,9
Microsoft,vscode-themes,23,24
Microsoft,microbit-chrome,33,33
Microsoft,vscode-languageserver-node-example,37,28
Microsoft,SDN,261,246
Microsoft,VS-PPT,80,52
Microsoft,ux_guidelines_it-it,1,0
Microsoft,ux_guidelines_ja-jp,8,0
Microsoft,ux_guidelines_ru-ru,8,0
Microsoft,vsts-agent-cookbook,28,25
Microsoft,vscode-react-native,1098,1001
Microsoft,VBA-content_pt-br,16,16
Microsoft,Sway_it-it,1,0
Microsoft,Networking-acs-sswsdk,1,1
Microsoft,GetVSTSBuildUsage,7,7
Microsoft,vscode-nls,29,27
Microsoft,java-azure-samples-private,11,11
Microsoft,son.net,1,1
Microsoft,MSR-SocialPlus-Android-SDK,227,233
Microsoft,pxt-minecraft,742,832
Microsoft,SCXcore-osskits,11,10
Microsoft,release-extensions,1,1
Microsoft,vsglimpse,1,0
Microsoft,Angara.Flow,50,50
Microsoft,OFFICE365URLSandIPADDRESS,1,1
Microsoft,App-Extensibility-Sample,28,28
Microsoft,VS-Macros,47,12
Microsoft,grunt-jade2amd,2,1
Microsoft,AwaitAdapters,8,8
Microsoft,Reporting-Services,120,91
Microsoft,deprecated-pxt-microbit-cppsample,5,5
Microsoft,AzureBot,362,294
Microsoft,vsts-artifactory,2,2
Microsoft,Cognitive-Vision-Windows,47,42
Microsoft,Cognitive-Video-Windows,23,23
Microsoft,mobile-center-sdk-android,1636,1541
Microsoft,jschema,523,523
Microsoft,ospo-opensource,324,0
Microsoft,URTEST_TERU,2,2
Microsoft,iCMS_WDG_Pilot_II_Prod_az-Latn-AZ,360,366
Microsoft,iCMS_WDG_Pilot_II_Prod_en-HK,1,1
Microsoft,iCMS_WDG_Pilot_II_Prod_et-EE,1110,1117
Microsoft,iCMS_WDG_Pilot_II_Prod_eu-ES,357,363
Microsoft,projection-grid,805,763
Microsoft,AzureSMR,153,146
Microsoft,cdm-sandbox,239,238
Microsoft,windows-itpro-docs,10025,10598
Microsoft,node-fast-plist,30,30
Microsoft,KN,2,2
Microsoft,MIEngineLauncher,789,789
Microsoft,monaco-html,18,20
Microsoft,mobile-center-cli,629,541
Microsoft,Cognitive-Video-FaceTracker,1,1
Microsoft,Microsoft.Shared.Dna.Json,7,6
Microsoft,iis-docker,9,6
Microsoft,Delayed-Compensation-Asynchronous-Stochastic-Gradient-Descent-for-Multiverso,12,12
Microsoft,pxt-deployment-config,56,65
Microsoft,LoopBox-Service,347,343
Microsoft,pxt-microbit-built,200,249
Microsoft,pxt-calliope-built,87,88
Microsoft,SoftFlash,1,1
Microsoft,rms,5,5
Microsoft,PresentationInABox,15,15
Microsoft,pxt-microbit-vscode,21,21
Microsoft,SimpleRestClients,22,20
Microsoft,mobile-center-sdk-specs,26,31
Microsoft,powerbi-visuals-utils-tooltiputils,22,19
Microsoft,pxt-littlebits-arduino,3,3
Microsoft,bkg-api-docs,3,2
Microsoft,WakeYourPC_WebApp,6,6
Microsoft,Prague,367,427
Microsoft,MyShuttle2,1,1
Microsoft,PowerBI-visuals-StrippetsBrowser,126,91
Microsoft,PowerBI-visuals-AttributeSlicer,638,638
Microsoft,powerbi-visuals-enhancedscatter,17,18
Microsoft,ghcrawler-dashboard,87,76
Microsoft,ProjectScotty,3,3
Microsoft,sherlock-oms-ct,6,6
Microsoft,WinDevPlatStatus,9,10
Microsoft,developer-immersion-data,30,36
Microsoft,ghcrawler-cli,28,31
Microsoft,kaizala-docs,12,12
Microsoft,ghcrawler-datalake-etl,33,61
Microsoft,mtc-hacks,2,2
Microsoft,omi-kits,2,4
Microsoft,BotBuilder-Speech,0,3
Microsoft,transfer_url_test_2,0,4
Microsoft,PowerBI-visuals-forcastingarima-interactive,0,3
Microsoft,NetAdapter-Cx-Driver-Samples,10,14
Microsoft,healthvault-fhir-library,4,5
Microsoft,lsvmtools,15,15
Microsoft,TypeScript-React-Starter,6,5
Microsoft,photo-inspector,72,72
Microsoft,media-viewer,6,6
Microsoft,angle,6768,6755
Microsoft,cocos2d-x-3rd-party-libs-bin,526,524
Microsoft,.NET-Micro-Framework,1,1
Microsoft,js-example-fraud-score,12,12
Microsoft,vso-agent,747,683
Microsoft,ApplicationInsights-Ruby,91,44
Microsoft,poshtools,1474,1459
Microsoft,moodle-filter_oembed,264,78
Microsoft,msosscentralcontent-PRIVATE,15592,15592
Microsoft,osscontent-for-DPS-PRIVATE,15595,15595
Microsoft,docker,23742,23680
Microsoft,elasticsearch,10705,10705
Microsoft,SecureFirmware32,82,82
Microsoft,ApplicationInsights-aspnetcore,865,714
Microsoft,distribution,860,860
Microsoft,azure-content,35920,35913
Microsoft,federalist,742,737
Microsoft,tslint-microsoft-contrib,654,499
Microsoft,TACO,2186,2117
Microsoft,VisualCpp,1,1
Microsoft,vscode-editorconfig,70,60
Microsoft,vscode-samples,25,29
Microsoft,cordova-simulate,484,341
Microsoft,vscode-extension-vscode,169,0
Microsoft,ospo-witty-issues,5,5
Microsoft,GraphView,185,168
Microsoft,ServiceProfiler,1,0
Microsoft,OMS-docker,102,48
Microsoft,libobjc2,902,902
Microsoft,windows-10-technet,15,15
Microsoft,vsts-extension-telemetry-service,2,2
Microsoft,thrifty,484,359
Microsoft,win-cpub-itpro-docs,11009,10600
Microsoft,dotnet-computevirtualization,57,55
Microsoft,vscode-sign-worker,7,7
Microsoft,GalaxyExplorer,178,114
Microsoft,Dynamics-AX-Extensible-Control-Samples,24,24
Microsoft,Docker-PowerShell,304,276
Microsoft,vcc,8,7
Microsoft,Windows-appsample-familynotes,14,13
Microsoft,RetryOperationHelper,16,16
Microsoft,ws2016lab-private,252,311
Microsoft,u-boot-iMX6,29714,29714
Microsoft,vsts-urbancode-deploy,26,26
Microsoft,OMS-Ingestion-API-Binding-Ruby,37,37
Microsoft,hyperv-intern2016,205,203
Microsoft,BLTest2,1,1
Microsoft,Cognitive-Vision-Android,33,32
Microsoft,mwt-ds-web-api-deprecated-,17,17
Microsoft,HoloLensCompanionKit,136,141
Microsoft,visualstudio.xunit-msft,122,122
Microsoft,UWPExperiences,225,224
Microsoft,iCMS_WDG_Pilot_II_Prod_ko-KR,1039,1046
Microsoft,iCMS_WDG_Pilot_II_Prod_sv-SE,1108,1115
Microsoft,mstest.testframework,1,0
Microsoft,Bing-Maps-V8-TypeScript-Definitions,79,79
Microsoft,loader-set-webpack-public-path,46,0
Microsoft,templates.starterkit,5,5
Microsoft,BPerf,1,2
Microsoft,IIS.WebManager,47,79
Microsoft,Techcon_dogfooding_pt-BR,14,0
Microsoft,Techcon_dogfooding_fr-FR,8,0
Microsoft,tedchambDocTest,278,297
Microsoft,techcon_test_MT,2,2
Microsoft,vsts-rm-artifactdownloader,1,1
Microsoft,BotBuilder-Samples,366,303
Microsoft,pxt-calliope-core,351,351
Microsoft,sample-repo-gen-tool,5,5
Microsoft,dotnet-framework-docker,35,31
Microsoft,vs-validation,337,343
Microsoft,ApplicationInsights-generator,3,3
Microsoft,DevSkim-VisualStudio,0,0
Microsoft,ospo-ghtorrent-ansible,29,29
Microsoft,MLClusterNotebook,1,1
Microsoft,sp-dev-docs.ja_jp,12,17
Microsoft,powerbi-visuals-utils-dataviewutils,36,30
Microsoft,OMS-Automation,27,25
Microsoft,HoloLabs,0,0
Microsoft,BingMapsRESTToolkit,37,41
Microsoft,PowerBI-visuals-NetworkNavigator,569,569
Microsoft,pxt-adafruit-built,90,109
Microsoft,Test,0,0
Microsoft,GVFS.packages,2,2
Microsoft,vscode-performance-tools,25,26
Microsoft,pxt-retro-built,10,10
Microsoft,NanoServerTools,4,4
Microsoft,ASC-PS-Module,27,26
Microsoft,Partner-Center-Bot,18,1
Microsoft,RIoT,12,19
Microsoft,BikeSharing360_DevOps,3,4
Microsoft,WindowsRuntimeAPIs_Javascript_snippets,5,10
Microsoft,MRDesignLabs,3,12
Microsoft,ospo-jmw-api-test,1,0
Microsoft,openshift-container-platform,14,19
Microsoft,aiimmersion-resources,3,3
Microsoft,SensorKit,3,3
Microsoft,music-explorer,32,32
Microsoft,sudokumaster-wp,7,7
Microsoft,cpprestsdk,1808,1819
Microsoft,BeanSpy,10,5
Microsoft,clang-tools-extra,1669,1636
Microsoft,vsts-build-test-samples,28,28
Microsoft,WindowsTooling-Samples,3,3
Microsoft,Microsoft-Message-Bridge,7,7
Microsoft,PTVS-Samples,16,16
Microsoft,Templates,233,233
Microsoft,ApplicationInsights-Xamarin,165,158
Microsoft,vso-intellij,1304,1311
Microsoft,dotnetversion,1,1
Microsoft,ntttcp-for-linux,35,30
Microsoft,dockertools-sampleprojects,3,3
Microsoft,vscode-node-debug,810,904
Microsoft,multiverso-next,306,306
Microsoft,vscode-editor-distro,71,71
Microsoft,orca,3777,3777
Microsoft,Build-OMS-Agent-for-Linux,738,790
Microsoft,CSP-Explorer,5,6
Microsoft,myVSO,2,2
Microsoft,IntuneMAMiOSIntegrator,10,10
Microsoft,pxt,7468,5013
Microsoft,VBA-content_ru-ru,16,16
Microsoft,Windows-appsample-huelightcontroller,9,9
Microsoft,UWPQuickStart,45,45
Microsoft,CaptionBot,112,113
Microsoft,sql-server-samples,986,975
Microsoft,3D-Scanning-Station,19,19
Microsoft,Windows-Social-Samples,6,6
Microsoft,statsd,875,875
Microsoft,WinAppDriver,165,0
Microsoft,passport-vsts,6,4
Microsoft,swift-corelibs-foundation,1014,0
Microsoft,vsts-rm-extensions,532,350
Microsoft,Office365Endpoints,10,8
Microsoft,typescript-build2016-demos,12,7
Microsoft,node-benchmarking,22,22
Microsoft,PowerBI-Cli,128,81
Microsoft,ionic-typescript-blank,18,11
Microsoft,Imagine_bing-maps-api,4,4
Microsoft,pgtester,41,29
Microsoft,Loop-Sample-Location-Android,47,46
Microsoft,Cognitive-TextAnalytics-Android,3,3
Microsoft,Cognitive-Emotion-Windows,31,31
Microsoft,Cognitive-SpeakerRecognition-Python,26,19
Microsoft,ionic2-starter-sidemenu,1,1
Microsoft,DocsRoot,224,220
Microsoft,monaco-css,28,28
Microsoft,ospo-mail2bug,35,35
Microsoft,iCMS_WDG_Pilot_II_Prod_am-ET,352,358
Microsoft,iCMS_WDG_Pilot_II_Prod_da-DK,1108,1115
Microsoft,iCMS_WDG_Pilot_II_Prod_ml-IN,357,363
Microsoft,iCMS_WDG_Pilot_II_Prod_nb-NO,1110,1117
Microsoft,iCMS_WDG_Pilot_II_Prod_sq-AL,351,357
Microsoft,Windows-Time-Calibration-Tools,79,49
Microsoft,azure-acs-plugin,12,12
Microsoft,MPTemplates,1,1
Microsoft,ospo-witness-extension-security,29,27
Microsoft,PowerBI-visuals-sampleBarChart,36,35
Microsoft,FetchClimate,2,2
Microsoft,gulp-core-build-sass,91,91
Microsoft,pxt-max6675,20,26
Microsoft,uwp-experiences,155,153
Microsoft,mssql-jdbc,751,579
Microsoft,Plant-Sensor,1,1
Microsoft,mala,4,4
Microsoft,Microsoft-graph-docs_pt-br,21,22
Microsoft,skytest_fi-FI,0,0
Microsoft,Techcon_test2_ru-RU,1,1
Microsoft,Techcon_test2_es-ES,1,0
Microsoft,Techcon_dogfooding2,5,0
Microsoft,deprecated-pxt-microbitex,8,8
Microsoft,LastTest_zh-TW,1,1
Microsoft,Microsoft.Shared.Dna.Text,5,5
Microsoft,DeepVision,1,1
Microsoft,fiat,94,94
Microsoft,UnifiedVisualNet,1,1
Microsoft,WorkLifeBalance,2,2
Microsoft,PhETOfficeAddIn,1,1
Microsoft,clarity,280,278
Microsoft,DevSkim-VisualStudio-Extension,14,24
Microsoft,sp-dev-docs.pt_br,12,17
Microsoft,DialogManagement,4,4
Microsoft,visualstudio-docs,2055,2227
Microsoft,xbox-live-trace-analyzer,18,7
Microsoft,BikeSharing360_BotApps,16,16
Microsoft,BikeSharing360_SingleContainer,11,10
Microsoft,DirectXShaderCompiler,619,285
Microsoft,applicationinsights-vscode,8,8
Microsoft,Reactor,0,0
Microsoft,azure-iot-devkit,158,103
Microsoft,painless-config-as-code,10,10
Microsoft,xbox-live-beam-api,70,0
Microsoft,healthvault-samples,90,92
Microsoft,azure-functions-java-host,20,21
Microsoft,sample-ecommerce-microservices,2,2
Microsoft,mobile-center-app-xamarin,106,109
Microsoft,VisualStudio2017Launch_KeynoteDemos,126,133
Microsoft,Mobile-Center-Test-Generator,3,3
Microsoft,mobile-center-quickstart-android,0,0
Microsoft,Dynamics365PSA,1,7
Microsoft,pxt-arduino,17,17
Microsoft,SpringBootDocumentDB,0,6
Microsoft,BuildTourHack,22,59
Microsoft,Cognitive-CustomVision-Python,2,3
Microsoft,electron-prebuilt,0,0
Microsoft,drumkitx,10,10
Microsoft,audio-recorder,19,19
Microsoft,dsc-puppet,2,2
Microsoft,places,24,24
Microsoft,boot2dockerpowershell,5,5
Microsoft,jenkins-azure,20,20
Microsoft,TypeScript,22545,17623
Microsoft,winstore-jscompat,16,12
Microsoft,hello-sensorcore,9,9
Microsoft,dotnet,737,670
Microsoft,dotnet-apiport,1103,0
Microsoft,ApplicationInsights-WordPress,13,11
Microsoft,moodle-local_office365,55,55
Microsoft,deployr-rserve,61,48
Microsoft,Sora,10,10
Microsoft,FFmpegInterop,118,111
Microsoft,libcontainer,1349,1349
Microsoft,ApplicationInsights-WindowsApp,30,30
Microsoft,gulp-tscc,54,54
Microsoft,NSPlist,4,2
Microsoft,getdotnet,38,33
Microsoft,cordova-plugin-code-push,515,447
Microsoft,Azure-Toolkit-for-IntelliJ,87,87
Microsoft,DataCatalog-samples,1,1
Microsoft,TSJS-lib-generator,565,412
Microsoft,vscode-docker,202,198
Microsoft,vscode-flow,11,11
Microsoft,sarif-sdk,1590,1471
Microsoft,driver-utilities,16,16
Microsoft,R-Host,453,383
Microsoft,vscode-distro,472,462
Microsoft,ApplicationInsights-dotnet-logging,166,157
Microsoft,CE-CSI-Test,226,211
Microsoft,front50,542,0
Microsoft,vsts-vmware,311,305
Microsoft,Coding4Fun,15,13
Microsoft,Phoenix,194,180
Microsoft,Office-js-docs_it-it,1,1
Microsoft,ux_guidelines_de-de,8,0
Microsoft,ux_guidelines_pt-br,9,0
Microsoft,Selawik,5,4
Microsoft,CNTK-docker,60,70
Microsoft,hyper-v-uefi,21096,0
Microsoft,vscode-release-server,213,240
Microsoft,ostc-openssl,6,6
Microsoft,Sway_ja-jp,1,0
Microsoft,Availability-Monitor-for-Kafka,124,108
Microsoft,vsts-agent,1681,0
Microsoft,azure-tools-for-java-private,1067,1173
Microsoft,vsts-uservoice-ui-extension,31,31
Microsoft,vscode-ios-web-debug,50,44
Microsoft,moonshine-plugin,27,27
Microsoft,moonshine-host,2,2
Microsoft,build2016-vsmobile,689,686
Microsoft,HackboxTeaser,83,83
Microsoft,crm-openpublishing-test,18,18
Microsoft,PowerBI-React,3,3
Microsoft,redie,34,34
Microsoft,vscode-kusto,85,97
Microsoft,node-request-light,5,5
Microsoft,Rosyln-Analyzer-ToStringWithoutOverride,77,77
Microsoft,nodejstools-telemetry,39,39
Microsoft,rosco,218,218
Microsoft,docsmsftblog-exp,16,16
Microsoft,azure-acs-deployment-jenkins-plugin,15,15
Microsoft,Loop-Local-Android,9,9
Microsoft,ostc-jenkins,334,590
Microsoft,virtualization-install-containers-legacy,6,6
Microsoft,ospo-vault,113,105
Microsoft,pubdesk-migration-hub,251,300
Microsoft,SaaSApp-ContosoShopkeeper,5,5
Microsoft,Code-Search,19,18
Microsoft,iCMS_WDG_Pilot_II_Prod_fa-IR,351,357
Microsoft,iCMS_WDG_Pilot_II_Prod_fil-PH,351,357
Microsoft,iCMS_WDG_Pilot_II_Prod_fr-CH,1,1
Microsoft,iCMS_WDG_Pilot_II_Prod_nl-NL,1093,1100
Microsoft,iCMS_WDG_Pilot_II_Prod_sk-SK,1092,1099
Microsoft,iCMS_WDG_Pilot_II_Prod_zh-TW,1094,1101
Microsoft,DesktopAppConverter,439,439
Microsoft,Range-V3-VS2015,931,932
Microsoft,Microsoft-graph-docs_fr-fr,24,25
Microsoft,vsts-azurevm-extension,410,308
Microsoft,hermes,2,2
Microsoft,Techcon_dogfooding_ja-JP,9,0
Microsoft,Techcon_dogfooding2_zh-CN,2,0
Microsoft,Techcon_dogfooding2_ja-JP,2,0
Microsoft,oxa-tools,665,503
Microsoft,cppwinrt,36,28
Microsoft,vs-servicehub,1721,0
Microsoft,vsts-wsjf-extension,9,7
Microsoft,deprecated-pxt-microbitorg,16,16
Microsoft,UDE,3,3
Microsoft,DevSkim-VSCode-Plugin,25,39
Microsoft,PowerBI-visuals-sampleUsingExternalLibraries,7,7
Microsoft,PowerBI-visuals-WordCloud,30,29
Microsoft,powerbi-visuals-utils-typeutils,22,18
Microsoft,Loop-Android-SDK-Lite,7,7
Microsoft,azureiotcostcalculator,11,11
Microsoft,opensource-tags,3,3
Microsoft,sdlanalyze-app,10,10
Microsoft,vscode-tenx,7,7
Microsoft,PowerBI-visuals-FacetKey,176,161
Microsoft,iot-workshops,27,27
Microsoft,WindowsTemplateStudio,1306,1361
Microsoft,WindowsIISServer.Config,9,9
Microsoft,ospo-pug-view-services,5,7
Microsoft,powerbi-visuals-forcastingarima,9,10
Microsoft,pxt-blockly,1963,1755
Microsoft,dataprotocol-node,2,0
Microsoft,BikeSharing360_BotBuilderApps,15,15
Microsoft,ELT,159,160
Microsoft,Faceswap,1229,353
Microsoft,spark-interactive-mode-ui,5,5
Microsoft,pxt-retro,35,42
Microsoft,PartsUnlimitedE2E,3,3
Microsoft,holo-bi,3,3
Microsoft,mico-shield-mbed-os5,9,4
Microsoft,VisualStudioAI,19,66
Microsoft,vscode-internalbacklog,0,3
Microsoft,Cognitive-TextAnalytics-DotNetCore,19,20
Microsoft,hackday_oss,0,0
Microsoft,jwilcox-test-1,0,0
Microsoft,ApplicationInsights-ServiceFabric,34,25
Microsoft,AzureDatalakeToolsForVSCode,1,3
Microsoft,vscode-smoketest,8,23
Microsoft,Brandon,1,0
Microsoft,andy-arduino-debugger,1,0
Microsoft,ClearScript,13,87
Microsoft,SSMA-Extensions,3,3
Microsoft,eSignForms,113,0
Microsoft,filter-effects,58,58
Microsoft,camera-explorer,65,65
Microsoft,simple-filter-mixer,33,33
Microsoft,HealthVault-Mobile-iOS-Library,6,6
Microsoft,activities,23,23
Microsoft,piwik-analytics,2,2
Microsoft,java-rbroker-framework,45,45
Microsoft,moodle-auth_oidc,177,166
Microsoft,clang,62931,62835
Microsoft,java-jasperreports-client-library,4,4
Microsoft,spark,9952,9702
Microsoft,ClangSharp,40,35
Microsoft,ApplicationInsights-CPP,21,5
Microsoft,PTVS,4892,4645
Microsoft,Microsoft.Diagnostics.Tracing.Logging,16,15
Microsoft,UVAtlas,70,75
Microsoft,tslib,90,85
Microsoft,ApplicationInsights-OSX,1281,1281
Microsoft,ApplicationInsights-Signed,2,2
Microsoft,PowerBI-visuals-core,991,750
Microsoft,clever-aad-php,11,11
Microsoft,mwt-ds-explore-cpp,3606,3606
Microsoft,WinObjC,6271,3405
Microsoft,XamlBehaviors,210,182
Microsoft,HockeyApp-DevApp-for-Android,1086,1086
Microsoft,Wagr-Sample-Intune-iOS-App,87,87
Microsoft,lldb,15089,15081
Microsoft,MADP,241,241
Microsoft,language-server-protocol,200,176
Microsoft,clrmd,251,209
Microsoft,CRM-Performance-Toolkit,20,19
Microsoft,vscode-generator-code,159,176
Microsoft,vscode-wordcount,21,18
Microsoft,vsts-nuget-sample,14,14
Microsoft,XLIFF2-Object-Model,15,13
Microsoft,DockerToolsDocs,20,20
Microsoft,vscode-jscs,56,54
Microsoft,HackBoxClient,1982,1687
Microsoft,hdfs-mount,70,62
Microsoft,java-guidelines,5,5
Microsoft,Font-Validator,116,4
Microsoft,vscode-zoom,6,6
Microsoft,vscode-editor,2,0
Microsoft,vsts-branch-delete,10,10
Microsoft,omi,1132,658
Microsoft,Build-SCXcore,522,568
Microsoft,vscom,1,1
Microsoft,sqlskim,18,18
Microsoft,edx-theme,475,487
Microsoft,vso-scvmm,157,147
Microsoft,vmextension-nodejs,2,2
Microsoft,ospo-witness-service,1579,968
Microsoft,electron-crash-analyzer,14,14
Microsoft,SLAyer,9,9
Microsoft,VBA-content_it-it,3,3
Microsoft,itpro-browsers,130,0
Microsoft,windows-op-guide,883,897
Microsoft,templates.docs.msft,445,353
Microsoft,SQL-Server-R-Services-Samples,217,108
Microsoft,TpmRCDecoder,23,23
Microsoft,azure-vhd-utils,41,37
Microsoft,Power-BI-Solution-Template,60,60
Microsoft,kafka,3352,3352
Microsoft,vsts-dotnet-samples,162,139
Microsoft,MSITARM,715,2
Microsoft,dotnet-customer-notes,28,28
Microsoft,HockeyApp-SessionDataGenerator,5,5
Microsoft,PowerBI-visuals-tools,362,295
Microsoft,dafny,2433,2482
Microsoft,LogReg,82,82
Microsoft,PAX-App-Dev-Day,342,113
Microsoft,EMLL,2020,0
Microsoft,vscode-swagger-html,42,42
Microsoft,malmo,1127,1024
Microsoft,iCMSTest-Stage_zh-CN,1151,1151
Microsoft,iCMSTest-Stage_ar-SA,1125,1125
Microsoft,Cloud-App-Security,124,103
Microsoft,Loop-Sample-Hello-IOS,26,15
Microsoft,superagent-mockery,25,25
Microsoft,Loop-Sample-Trips-IOS,70,63
Microsoft,checkedc-clang,64962,64338
Microsoft,vmshield,1829,1954
Microsoft,ostc-automation,100,56
Microsoft,deployr-api-docs,3,3
Microsoft,Cognitive-SpeakerRecognition-Android,12,12
Microsoft,iCMS_WDG_Pilot_II_Prod_bg-BG,1092,1099
Microsoft,iCMS_WDG_Pilot_II_Prod_en-CA,1,1
Microsoft,iCMS_WDG_Pilot_II_Prod_ja-JP,1049,1056
Microsoft,iCMS_WDG_Pilot_II_Prod_zh-CN,1104,1111
Microsoft,powerbi-visuals-dataviewsreader,9,9
Microsoft,Imagine_databases-and-loc,1,0
Microsoft,Loop-Android-Sdk-Util,0,0
Microsoft,formula,112,112
Microsoft,ospo-witness-service-ipscan,343,360
Microsoft,Dynamics365-Customer-Insights,759,597
Microsoft,mrsdeploy,1,1
Microsoft,sample-code,163,163
Microsoft,azure-webapp-plugin,11,11
Microsoft,satcheljs-trace,8,8
Microsoft,Resource-Static-Analysis,35,35
Microsoft,loader-raw-script,14,0
Microsoft,InsiderTest,1,1
Microsoft,pxt-sonar,5,5
Microsoft,Techcon_test2_fr-FR,1,1
Microsoft,eslint-microsoft-contrib,1,0
Microsoft,Business-platform-solution-templates,27,27
Microsoft,vsts-agent-docker,73,66
Microsoft,vs-streamjsonrpc,256,264
Microsoft,officedevdocs,35,35
Microsoft,vsts-extension-multivalue-control,46,37
Microsoft,SqlNexus,10,14
Microsoft,deep-learning-container,2,2
Microsoft,R-Interop,14,8
Microsoft,pxt-adafruit-circuit-playground-built,11,11
Microsoft,DynamicSelfHelp,5,0
Microsoft,WindowsDNSServer.Config,230,230
Microsoft,LoopBox-InputAdapter-Twilio,16,16
Microsoft,LoopBox-InputAdapter-Android,4,4
Microsoft,powerbi-visuals-sunburst,67,21
Microsoft,AdaptiveCards,1215,1075
Microsoft,cordova-app-recipe-finance,27,28
Microsoft,ospo-crawler-dashboard,119,89
Microsoft,typed-rest-client,7,8
Microsoft,vswhere,73,66
Microsoft,CSSSQLSupportToolBox,6,6
Microsoft,ospo-witness-chrome,2,2
Microsoft,AwesomeFastMath,20,22
Microsoft,mvp,27,37
Microsoft,HEX-Migration-Toolkit,3,5
Microsoft,testfx-docs,33,26
Microsoft,almvm,358,465
Microsoft,MSRC-Microsoft-Security-Updates-API,60,80
Microsoft,Windows-appsample-get-started-js2d,2,2
Microsoft,definitelytyped-header-parser,13,11
Microsoft,Localization,19,46
Microsoft,CortanaSkills.NET,14,0
Microsoft,hackday_io_oss,466,466
Microsoft,code-challenges,45,78
Microsoft,IPC,8,15
Microsoft,Cognitive-Vision-DotNetCore,13,14
Microsoft,Windows-tutorials-WebVR,1,0
Microsoft,cocos2d-x,36347,36172
Microsoft,nfc-talk,34,34
Microsoft,rate-my-app,84,83
Microsoft,optical-reader,46,46
Microsoft,windows-phone-callout-project,3,3
Microsoft,TouchDevelop,4300,4285
Microsoft,TypeScript-Vim-Plugin,16,16
Microsoft,Windows-appsample-rssreader,17,16
Microsoft,x-plat,28,28
Microsoft,ApplicationInsights-App-iOS,298,298
Microsoft,hcsshim,211,0
Microsoft,llvm-cppstat,120056,0
Microsoft,ETW2JSON,4,5
Microsoft,sails-hook-federalist-ms,45,45
Microsoft,vscode-vsce,338,349
Microsoft,ChakraFull,1,1
Microsoft,DSCPullServer,1,1
Microsoft,ApplicationInsights-server-cpp,31,15
Microsoft,linkcheckermd,50,50
Microsoft,taco-plugin-devicesync,1,1
Microsoft,SQL-Docs,24,24
Microsoft,msdn-content,52,49
Microsoft,vscode-spell-check,89,89
Microsoft,Git-Credential-Manager-for-Mac-and-Linux,689,689
Microsoft,HoloToolkit,229,191
Microsoft,msnuget,527,527
Microsoft,ux_guidelines_es-es,8,0
Microsoft,Cognitive-Documentation,2810,2725
Microsoft,iCMSTestGlobal-Stage,2,2
Microsoft,IoT-Foosball,3,3
Microsoft,CE-CSI-Doc,1,0
Microsoft,idevice-app-launcher,14,14
Microsoft,Windows-Store-submission-API,9,9
Microsoft,backbone-toolbar,62,58
Microsoft,OTP4LTE-U,15,15
Microsoft,BashOnWindows,63,49
Microsoft,trustcenterchina-sandbox,38,39
Microsoft,AZRDAV,52,0
Microsoft,SQL-R-Services-Perf-Tuning,1,1
Microsoft,GHSTest,3,3
Microsoft,Cognitive-Vision-Python,17,14
Microsoft,ionic2-starter-tabs,1,1
Microsoft,wopi-validator-cli-python,15,13
Microsoft,ionic2-typescript-tabs,30,30
Microsoft,uwp-shop-analytics-sample,83,84
Microsoft,powerbi-models,186,141
Microsoft,powerbi-router,53,53
Microsoft,vsts-authentication-library-for-java,691,706
Microsoft,Cognitive-Recommendations-Windows,10,10
Microsoft,iCMS_WDG_Pilot_II_Prod,44,46
Microsoft,iCMS_WDG_Pilot_II_Prod_be-BY,357,363
Microsoft,iCMS_WDG_Pilot_II_Prod_en-IN,1,1
Microsoft,iCMS_WDG_Pilot_II_Prod_fr-BE,1,1
Microsoft,iCMS_WDG_Pilot_II_Prod_fr-CA,351,357
Microsoft,iCMS_WDG_Pilot_II_Prod_mk-MK,351,357
Microsoft,iCMS_WDG_Pilot_II_Prod_ro-RO,1094,1101
Microsoft,Imagine_wiki-maker,1,0
Microsoft,SkypeBotsWithMedia,1,1
Microsoft,deep_learning_tools_for_dsvm,387,387
Microsoft,logstash-output-application-insights,33,33
Microsoft,Console,1,1
Microsoft,loader-load-themed-styles,24,0
Microsoft,vscode-telemetry-health,39,41
Microsoft,GitHubPRValidator,14,13
Microsoft,Visual-Audience-Polling,3,3
Microsoft,mobile-center-sdk-react-native,194,193
Microsoft,AdminRepo_fr-FR,2,0
Microsoft,Techcon_test2_zh-TW,1,1
Microsoft,psi,1,1
Microsoft,Static-Module-Verifier,117,148
Microsoft,TestDemoKev_fr-FR,13,13
Microsoft,busiotools,14,16
Microsoft,WakeYourPC_Agent,1,1
Microsoft,PowerBI-visuals-sampleCorrPlotRVisual,6,7
Microsoft,templates.docs.msft.pdf,59,63
Microsoft,BertrandNashEquilibriumComputation,4,4
Microsoft,vcppdocs,1224,992
Microsoft,LoopBox-DomainProcessor-Music,1,1
Microsoft,MTCSVDemos,8,8
Microsoft,BioModelAnalyzer,3017,10
Microsoft,TPMBot,1,1
Microsoft,ShuttleExplorer,0,0
Microsoft,uf2-samd21,277,292
Microsoft,powerbi-visuals-bulletchart,25,23
Microsoft,BikeSharing360_BackendServices,18,18
Microsoft,SqlSupportTools,2,2
Microsoft,DevOps-Immersion,10,10
Microsoft,HoloJS,54,29
Microsoft,r-server-hospital-length-of-stay,40,33
Microsoft,refreshing-config,34,33
Microsoft,vscode-debug-handshake,14,14
Microsoft,timelinestoryteller,133,138
Microsoft,Partner-Center-Bot,18,1
Microsoft,homebrew-msodbcsql-test,2,2
Microsoft,BotFramework-Hubot,7,6
Microsoft,wcf-docker,10,11
Microsoft,pxt-chibitronics,92,115
Microsoft,educonnect-plugins,6,6
Microsoft,bond-grpc-examples,0,4
Microsoft,PowerBI-visuals-clustering-kmeans-interactive,0,3
Microsoft,TestApi,0,2
Microsoft,OpenAPI,0,5
Microsoft,Recognizers-Text,12,18
Microsoft,DataInsightsAsia,3,6
Microsoft,AzureAutomation-VM-TestTools-for-Linux,3,0
Microsoft,dotnet-security,1,0
Microsoft,DataMigrationTeam,0,3
Microsoft,ModSecurity,1688,0
Microsoft,weekly-planner-wp,11,11
Microsoft,rss-reader-wp,8,8
Microsoft,drumkit-wp,8,8
Microsoft,knife-azure,405,405
Microsoft,BlobDefrag,34,34
Microsoft,kinect-ripple,14,14
Microsoft,TypeScript-Sublime-Plugin,778,709
Microsoft,CppCodingStandards,413,391
Microsoft,moodle-repository_onenote,46,46
Microsoft,commercialhaskell,101,0
Microsoft,Windows-Driver-Frameworks,10,10
Microsoft,IEDiagnosticsAdapter,146,146
Microsoft,cocos2d-x-3rd-party-libs-src,389,336
Microsoft,DirectXTex,382,386
Microsoft,WPF-Samples,73,70
Microsoft,extendvs,49,28
Microsoft,Windows-appsample-networkhelper,20,19
Microsoft,java-example-client-basics,4,4
Microsoft,node-uwp,14,13
Microsoft,VSSDK-Extensibility-Samples,211,171
Microsoft,WindowsProtocolTestSuites,617,589
Microsoft,Pyjion,540,539
Microsoft,VSLua,570,570
Microsoft,PowerBI-JavaScript,523,436
Microsoft,code-push-beta-backend,24,24
Microsoft,code-push-ci,5,5
Microsoft,ApplicationInsights-dotnet-server,1483,1108
Microsoft,pict,34,33
Microsoft,caffe,4156,3842
Microsoft,cordova-docs-ja-jp,2,2
Microsoft,81toUWPUpgrader,9,9
Microsoft,Imagine_binary-break-in,9,9
Microsoft,ProjectOxford-ClientSDK-Dev,475,474
Microsoft,vscode-htmlhint,32,26
Microsoft,Dynamics-AX-Integration,31,18
Microsoft,ChakraCorePrivate,1,1
Microsoft,hardware_partner_grouppolicy,1,1
Microsoft,hardware-dev-design,61,61
Microsoft,pbuild,47,46
Microsoft,VBA-content_de-de,18,18
Microsoft,Sway_pt-br,1,0
Microsoft,Sway_ru-ru,1,0
Microsoft,Sway_zh-cn,1,0
Microsoft,microsoft-r-content,1,0
Microsoft,RTVS-datasets,7,7
Microsoft,PowerBI-visual-tools-old,1,1
Microsoft,vscode-chrome-debug-core,1051,1121
Microsoft,edge-diagnostics-launch,48,47
Microsoft,ExternalTfsExtension,1,1
Microsoft,BotBuilder-Dev,1805,1943
Microsoft,XmlNotepad,11,16
Microsoft,xrm-platform-test,76,72
Microsoft,PhyloD,11,11
Microsoft,spdx-simplify,3,2
Microsoft,templates.msdn.msft,85,11
Microsoft,bond-comm-cs-example,7,9
Microsoft,HealthVault-Windows8,3,0
Microsoft,Cognitive-Common-Windows,19,17
Microsoft,monaco-typescript,51,50
Microsoft,NCM-Driver-for-Windows,3,3
Microsoft,ionic2-typescript-blank,34,34
Microsoft,monaco-json,27,27
Microsoft,Cognitive-Documentation-Dev,1503,1502
Microsoft,Imagine_sylvan-sprinter,2,2
Microsoft,taco-cli,2115,2115
Microsoft,Power-Bi-Power-Scripts,8,8
Microsoft,Cognitive-Samples-VideoFrameAnalysis,11,9
Microsoft,iCMS_WDG_Pilot_II_Prod_el-GR,1093,1100
Microsoft,iCMS_WDG_Pilot_II_Prod_lv-LV,1112,1119
Microsoft,iCMS_WDG_Pilot_II_Prod_nl-BE,1,1
Microsoft,Cognitive-EventKnowledge-Windows,5,3
Microsoft,windows-dev-center-vsts-extension,151,103
Microsoft,satcheljs-snapshots,13,13
Microsoft,intuna-platform,389,389
Microsoft,testfx,356,116
Microsoft,azure-onboarding-guidance,1,1
Microsoft,rudder,218,218
Microsoft,ODBC-Specification,63,72
Microsoft,Build-omi,154,202
Microsoft,vsts-extension-toggle-control,61,52
Microsoft,PowerBI-extensibility-text-utility,15,15
Microsoft,OCS-GoNoGo-Dashboard,1,0
Microsoft,microsoft-r-open,43,42
Microsoft,UnitTestBoilerplateGenerator,40,47
Microsoft,java-to-csharp-api-generator,101,133
Microsoft,skytest_el-GR,0,0
Microsoft,vs-setup-samples,20,22
Microsoft,vscode-html-languageservice,57,71
Microsoft,vscode-workspaceconfig-sample,34,34
Microsoft,MsUEFI-Test,6,0
Microsoft,Windows_Protocols_OD_Network_Captures,2,0
Microsoft,Partner-Center-Connector,2,2
Microsoft,BotBuilder-WebJobs-BotExtension,22,23
Microsoft,ghcrawler,415,0
Microsoft,sp-dev-docs.es_es,12,17
Microsoft,sp-dev-docs.zh_cn,12,17
Microsoft,xbox-live-plugin-shared,38,0
Microsoft,BikeSharing360_MobileApps,18,15
Microsoft,SwitchSite,48,73
Microsoft,DSCConfiguration.Template,51,83
Microsoft,vscode-arduino,356,0
Microsoft,bacnet_gw,70,71
Microsoft,TestRepoProvision,0,0
Microsoft,generator-prose,12,13
Microsoft,VSSTESTER,7,7
Microsoft,r-server-dotnet-visualizing-sql-azure-data-in-r,9,9
Microsoft,acceleratoRs,38,49
Microsoft,pxt-sparkfun,125,146
Microsoft,azure-mbed-os5-test,7,5
Microsoft,vsts-task-tool-lib,48,47
Microsoft,powerbi-visuals-spline-interactive,0,3
Microsoft,vscode-emmet,32,41
Microsoft,PartsUnlimitedMRPmicro,2,5
Microsoft,cds-sdk-samples,1,4
Microsoft,Cognitive-Common-DotNetCore,7,8
Microsoft,vs-editor-api,6,6
Microsoft,car-trumps,7,7
Microsoft,phone-info,52,51
Microsoft,space-blok-wp,6,6
Microsoft,chroma-key-demo,44,44
Microsoft,nokia-x-in-app-payment-samples,34,34
Microsoft,PowerShell-DSC-for-Linux,2262,0
Microsoft,Azure-DDP,64,64
Microsoft,lumia-sensorcore-simulation,2,2
Microsoft,HoneywellProtonCOptimization,37,37
Microsoft,visualfsharp,9846,3845
Microsoft,kGrid,32,26
Microsoft,node-msft,15986,14889
Microsoft,PartsUnlimited,514,176
Microsoft,ApplicationInsights-SDK-Labs,403,343
Microsoft,MIEngine,1254,925
Microsoft,textmate-lib,20,20
Microsoft,PlistCpp,58,57
Microsoft,clang-1,58245,58245
Microsoft,PowerBI-canvas,3,3
Microsoft,vscode-SpellMD,31,0
Microsoft,vsts-cordova-tasks,306,306
Microsoft,moodle-block_microsoft,90,86
Microsoft,TypeScript-TmLanguage,413,388
Microsoft,vsts-nuget-bootstrapper,27,27
Microsoft,hummingbird,28,27
Microsoft,MIMWAL,79,79
Microsoft,ux_guidelines_zh-tw,8,0
Microsoft,CNTK-Docu-Private,97,0
Microsoft,ChakraCoreDoNotUse3,92,88
Microsoft,react-native-windows,2669,750
Microsoft,BannedPasswordFilter,2,2
Microsoft,GarageDataJob-Appfigures,2,2
Microsoft,GarageDataJob-UserVoice,3,3
Microsoft,ChakraCore,6736,5444
Microsoft,NoSQLProvider,130,92
Microsoft,CloudStoreCacheSandbox,1,1
Microsoft,mbit,259,259
Microsoft,Appsample-Photosharing,73,50
Microsoft,go-winio,102,88
Microsoft,vsts-docker,293,279
Microsoft,knockout-validation,64,59
Microsoft,VSTS-Docker-Preview,25,25
Microsoft,knockout-json-schema,37,37
Microsoft,vsts-dotnet-oauth-sample,8,7
Microsoft,java-on-azure,7,7
Microsoft,vsts-cloudfoundry,9,9
Microsoft,EventHubDataPusher,9,9
Microsoft,PowerBI-desktop-community,4,4
Microsoft,minecraft-bot,61,61
Microsoft,vsts-nexus,21,19
Microsoft,Loop-Sample-TestUser-Android,19,13
Microsoft,mwt-ds-management-center-deprecated-,164,164
Microsoft,Cognitive-Emotion-Android,28,17
Microsoft,Docs,151,150
Microsoft,orcabot,91,91
Microsoft,kafka-proxy-ws,3,3
Microsoft,iCMS_WDG_Pilot_II_Prod_bn-BD,356,362
Microsoft,iCMS_WDG_Pilot_II_Prod_en-GB,351,357
Microsoft,iCMS_WDG_Pilot_II_Prod_fi-fi,1109,1116
Microsoft,iCMS_WDG_Pilot_II_Prod_hu-HU,1093,1100
Microsoft,iCMS_WDG_Pilot_II_Prod_km-KH,352,358
Microsoft,iCMS_WDG_Pilot_II_Prod_sw-KE,351,357
Microsoft,iCMS_WDG_Pilot_II_Prod_te-IN,358,364
Microsoft,iCMS_WDG_Pilot_II_Prod_uk-UA,1106,1113
Microsoft,pxt-blocky-talky-bluetooth,4,0
Microsoft,ospo-witness-service-security,53,53
Microsoft,HandwritingVsPort,16,16
Microsoft,satcheljs-stitch,11,11
Microsoft,ostc-teamdocs,37,37
Microsoft,gulp-core-build-serve,119,119
Microsoft,web-library-build,65,56
Microsoft,OMS,17,17
Microsoft,fluent-designer,84,84
Microsoft,ospo-ipscanning-hibs,133,144
Microsoft,Windows-appsample-lunch-scheduler,3,3
Microsoft,Cognitive-LUIS-Android,19,19
Microsoft,Cognitive-LUIS-Node.js,18,15
Microsoft,iot-samples-ted,1,0
Microsoft,ILMerge,29,29
Microsoft,Techcon_dogfooding2_pt-BR,2,0
Microsoft,prot-od-netcaps,57,56
Microsoft,Microsoft-graph-docs,136,137
Microsoft,dynamics365hubpages,142,111
Microsoft,Detours,1,1
Microsoft,dotnet-framework-docker-samples,36,25
Microsoft,adla-vscode,1,0
Microsoft,clarity-analytics,30,33
Microsoft,Loop-Provider-Activity,0,0
Microsoft,DevSandbox,609,616
Microsoft,deprecated-pxt-littlebits-arduino-bit,185,185
Microsoft,ospo-attribution-service,13,13
Microsoft,mvp-summit-iot-workshop,37,35
Microsoft,d365-cdm-clientsdk,0,0
Microsoft,MS_UEFI,3,3
Microsoft,powerbi-visuals-sankey,20,18
Microsoft,nav-content,15,15
Microsoft,sqltoolssdk,6,6
Microsoft,VeniceUWPKeynote,65,65
Microsoft,vsts-import-process-sample,3,3
Microsoft,checkedc-llvm-test-suite,4064,4028
Microsoft,debug-adapter-protocol,2,2
Microsoft,vscode-r,3,3
Microsoft,WingtipSaaS,136,57
Microsoft,code-snacks-sql2016,9,11
Microsoft,OMS_DeviceTwin_Connector,11,12
Microsoft,InQRy,357,554
Microsoft,healthagent-textToSpeech,0,0
Microsoft,AuthTelemetrySDK,0,0
Microsoft,ospo-opensource-docs,9,60
Microsoft,azure-iot-developer-kit,40,86
Microsoft,emat,0,17
Microsoft,jwilcox-jmw-test-2,0,0
Microsoft,movie-db-java-on-aws,0,3
Microsoft,MRDesignLabs_Unity_PeriodicTable,36,8
Microsoft,vs-mef,22,1709
Microsoft,ospo-testing-manager-new-repos,1,0
Microsoft,Cortana-Skills-Samples-Build-2017,13,13
Microsoft,windows-framer-toolkit,5,5
Microsoft,protractor,7,7
Microsoft,Test-CLA-Hub-DEV,5,0
Microsoft,mwt-ds-explore,3561,3561
Microsoft,moodle-assignfeedback_onenote,70,68
Microsoft,llvm,147849,147485
Microsoft,deployr-cli,30,30
Microsoft,dotnet-client-library,30,29
Microsoft,bench-view,16,13
Microsoft,cordova-plugin-ms-appinsights,20,13
Microsoft,xblock-filestorage,36,35
Microsoft,Chakra-Samples,69,50
Microsoft,vsminecraft,16,15
Microsoft,code-push-service,2623,2446
Microsoft,optee,509,0
Microsoft,tfs-cli,556,356
Microsoft,cordova-plugin-vs-taco-support,37,37
Microsoft,ProtocolTestFramework,55,52
Microsoft,microbit-touchdevelop,250,250
Microsoft,unityplugins,77,76
Microsoft,vscode-languageworker-dotnet,7,3
Microsoft,compoundfilereader,4,3
Microsoft,PowerBI-CSharp,197,159
Microsoft,JSanity,61,60
Microsoft,OMS-Agent-for-Linux,1062,703
Microsoft,visualfsharpdocs,749,700
Microsoft,ospo-ossregister,368,0
Microsoft,vscode-eslint,143,0
Microsoft,windows-driver-docs,1408,2029
Microsoft,VSTS.PackageManagement.FileshareMigrationTool,2,2
Microsoft,ospo-3rdpartycode,69,69
Microsoft,spinnaker,1229,1228
Microsoft,xblock-onedrive,13,13
Microsoft,OneAPI,98,0
Microsoft,OneweekVoting,1,1
Microsoft,openscraping-lib-csharp,40,40
Microsoft,node-style-guide,74,0
Microsoft,ostc-docs,64,61
Microsoft,VBA-content_zh-cn,16,16
Microsoft,Xbox-ATG-Samples,42,44
Microsoft,pxt-microbit-core,316,316
Microsoft,CommandLine-Documentation,356,358
Microsoft,node-core,61,0
Microsoft,Folder-Management,1,1
Microsoft,WinObjC-Samples,181,136
Microsoft,ws2016lab,308,287
Microsoft,vscode-marketplace,14,14
Microsoft,Ballard,6,6
Microsoft,Convert-WindowsImage,23,20
Microsoft,vsts-prepare-java-env,6,6
Microsoft,ionic-typescript-sidemenu,13,13
Microsoft,ostc-tools,63,65
Microsoft,deprecated-pxt-windowsiot,26,26
Microsoft,templating-test,3,3
Microsoft,Newton,35,35
Microsoft,AZRDAV-PR,43,0
Microsoft,Loop-Sample-Hello-Android,29,22
Microsoft,Cognitive-Face-Android,40,12
Microsoft,staticstaging,1410,1173
Microsoft,WindowsDevicePortalWrapper,492,434
Microsoft,fb.resnet.torch,54,54
Microsoft,deprecated-pxt-arduino,286,286
Microsoft,core,179,178
Microsoft,iCMS_WDG_Pilot_II_Prod_kk-KZ,357,363
Microsoft,iCMS_WDG_Pilot_II_Prod_lo-LA,356,362
Microsoft,iCMS_WDG_Pilot_II_Prod_sr-Latn-RS,1092,1099
Microsoft,iCMS_WDG_Pilot_II_Prod_ta-IN,355,361
Microsoft,iCMS_WDG_Pilot_II_Prod_tr-TR,1106,1113
Microsoft,iot-adk-addonkit,95,95
Microsoft,edx-platform,40215,39867
Microsoft,PowerBI-visuals-bankingForTheBlind,1,1
Microsoft,Typedoc-Webpack-Plugin,36,37
Microsoft,ops-templating-docs,27,26
Microsoft,Cognitive-LUIS-Python,14,14
Microsoft,HalcyonTemplate,13,13
Microsoft,Techcon_dogfooding,13,13
Microsoft,Techcon_dogfooding_zh-CN,10,0
Microsoft,vsts-expressv2,403,381
Microsoft,Azure-HDInsight-Tool-IntelliJ,2,2
Microsoft,DevSkim-Rules,7,0
Microsoft,deprecated-pxt-sample-built,1,1
Microsoft,krabsetw,54,49
Microsoft,Loop-Provider-Location,4,4
Microsoft,BikeSharing360_CognitiveServicesKioskApp,9,9
Microsoft,XboxAvatarMayaTools,2,3
Microsoft,ELLView,62,62
Microsoft,mobile-center-react-native-app,3,0
Microsoft,wordpress-sway-pages,2,2
Microsoft,homebrew-mssql-preview,6,7
Microsoft,mobile-center-app-react-native,16,17
Microsoft,pxt-sparkfun-built,17,26
Microsoft,serilog-utilities-concurrent-correlator,104,109
Microsoft,BikeSharing360_Productivity,6,6
Microsoft,clarity-tools,3,3
Microsoft,threat-modeling-templates,12,16
Microsoft,AzureIoTDeveloperKit,447,258
Microsoft,node-diagnostic-channel,27,67
Microsoft,Cognitive-Labs-Documentation,58,62
Microsoft,clarity-js,14,8
Microsoft,uwp-appsample-test,3,0
Microsoft,Windows-appsample-annotated-audio,9,0
Microsoft,real-time-blend-demo,45,45
Microsoft,Android-LensRocket,37,37
Microsoft,recorder,10,10
Microsoft,TestEasy,8,8
Microsoft,js-rbroker-framework,41,41
Microsoft,AppInsights-EventHubMonitor,87,87
Microsoft,ms-open-source-hub-private,1140,0
Microsoft,AppInsights-iOS-DemoApps,103,103
Microsoft,AccCheckerExtensionForVS,7,6
Microsoft,FX11,92,83
Microsoft,mwt-ds-explore-java,57,55
Microsoft,vsts-node-api,194,136
Microsoft,cordova-docs-private,1808,1808
Microsoft,vsts-task-lib,477,379
Microsoft,deployrUtils,47,47
Microsoft,GSL,654,418
Microsoft,Microsoft-Cloud-Services-for-Android,24,24
Microsoft,TouchDevelop-backend,702,705
Microsoft,VSSDK-Extensibility-Templates,30,30
Microsoft,userland,486,486
Microsoft,vscode-typescript,6,6
Microsoft,ospo-jobs,367,207
Microsoft,clouddriver,5127,5049
Microsoft,pal,261,225
Microsoft,CNTK,14061,13824
Microsoft,ux_guidelines_ko-kr,1,0
Microsoft,colinmarc-hdfs,255,255
Microsoft,ace,204,201
Microsoft,VBA-content_ko-kr,3,3
Microsoft,Angara.Chart,34,25
Microsoft,GarageBadgeScan,6,6
Microsoft,vscode-extension-telemetry,33,31
Microsoft,RTVS-docs,305,0
Microsoft,CE-CSI-docs,1020,997
Microsoft,MSR-SocialPlus-Java-API-Library,33,33
Microsoft,BotBuilder,2262,1943
Microsoft,pxt-microbit,3144,2899
Microsoft,vscode-tips-and-tricks,119,121
Microsoft,knockout-schema,1,0
Microsoft,PowerBI-JQuery,15,15
Microsoft,ionic-typescript-tabs,17,9
Microsoft,Cluster-Partition-Rebalancer-For-Kafka,8,8
Microsoft,fastlane-vsts-extension,8,8
Microsoft,azure-sql-security-sample,18,20
Microsoft,Cognitive-Samples-IntelligentKiosk,90,96
Microsoft,vscode-node-debug2,338,375
Microsoft,http-post-message,61,61
Microsoft,StaticAnalysisToolsFeed,2,2
Microsoft,iCMS_WDG_Pilot_II_Prod_ca-ES,360,366
Microsoft,iCMS_WDG_Pilot_II_Prod_de-DE,1123,1130
Microsoft,iCMS_WDG_Pilot_II_Prod_en-IE,1,1
Microsoft,iCMS_WDG_Pilot_II_Prod_en-SG,1,1
Microsoft,iCMS_WDG_Pilot_II_Prod_es-CL,1,1
Microsoft,iCMS_WDG_Pilot_II_Prod_is-IS,361,367
Microsoft,iCMS_WDG_Pilot_II_Prod_pt-PT,1106,1113
Microsoft,DocsScratch,1,0
Microsoft,deployr-rserve-java-client,4,4
Microsoft,Imagine_forest-firefighter,1,0
Microsoft,Cacheu,26,26
Microsoft,dynamics-365-operations,1,1
Microsoft,ospo-mail,144,86
Microsoft,IIS.Administration,172,205
Microsoft,ocs-test-repo,1,1
Microsoft,SDLAnalyze,2,2
Microsoft,uBit_MLX90614,5,5
Microsoft,Audience-Polling,2,2
Microsoft,Audience-Polling-App,7,7
Microsoft,Build-Mobile-App-with-Chat,7,7
Microsoft,Get-ExchangeBuildNumber,14,16
Microsoft,Athlete,40,40
Microsoft,Techcon_dogfooding_zh-TW,13,0
Microsoft,Techcon_dogfooding2_zh-TW,2,0
Microsoft,vcpkg,2721,2722
Microsoft,pxt-monaco-typescript,68,71
Microsoft,vs-threading,1752,1771
Microsoft,PowerBI-visuals-ForceGraph,33,31
Microsoft,ospo-jobs-data,5,2
Microsoft,PiSoccerBot,0,0
Microsoft,BotBuilder-CognitiveServices,104,82
Microsoft,sccm-docs-powershell,226,212
Microsoft,PowerBI-visuals-Tornado,26,24
Microsoft,LoopBox-Portal,72,73
Microsoft,LoopBox-InputAdapter-Alexa,0,0
Microsoft,powerbi-visuals-chord,33,23
Microsoft,Cognitive-SpeakerRecognition-JavaScript,1,1
Microsoft,uf2,23,29
Microsoft,GitHubTelemetryParsor,8,8
Microsoft,vango,6,6
Microsoft,environment-configuration-resolver-node,10,10
Microsoft,painless-config-resolver,39,26
Microsoft,xbox-live-powershell-module,18,7
Microsoft,powerbi-visuals-flywheel,33,1
Microsoft,MSR-EmbeddedSocial-Swift-API-Library,5,5
Microsoft,MTCSVCHealthAnalyticsDemos,32,32
Microsoft,swagger-fluent-intergen,19,26
Microsoft,ReadmissionsDemo,5,5
Microsoft,OpenT2T-private,63,54
Microsoft,sql-xplat-cli,249,0
Microsoft,1ESDemo,3,3
Microsoft,webpack-loaders,166,168
Microsoft,BLIS-SDK,99,125
Microsoft,esp8266-mbed-os5,5,5
Microsoft,Sonos-Service,0,0
Microsoft,SCXcore-kits,1,6
Microsoft,XamlBehaviorsWpf,0,3
Microsoft,XamlUiBasics-Sample,64,156
Microsoft,OneAuth,129,20
Microsoft,AMLWorkshop,0,26
Microsoft,OneAuth-Eng-Test,0,3
Microsoft,pxt-bluedot,1,8
Microsoft,json-document-transforms,43,43
Microsoft,TypeScript-Vue-Starter,7,5
Microsoft,nfc-ndef-tag-reader,7,7
Microsoft,bubble-level-wp,7,7
Microsoft,native-filter-demo,13,13
Microsoft,opencv_contrib,123,123
Microsoft,RoslynClrHeapAllocationAnalyzer,59,59
Microsoft,dotnetfoundation.github.io,11,11
Microsoft,ApplicationInsights-Python,112,77
Microsoft,o365tosplunkdataimportapp,18,15
Microsoft,ApplicationInsights-Java,952,0
Microsoft,vsts-tasks,10367,6305
Microsoft,poshtools-msft,190,190
Microsoft,moodle-assignsubmission_onenote,74,70
Microsoft,SimpleSteps,2,2
Microsoft,prepose,30,30
Microsoft,java-example-rbroker-data-io,3,3
Microsoft,TypeScript-Sublime-Plugin-Tests,45,44
Microsoft,taco-team-build,122,117
Microsoft,nodejstools-msft,264,14
Microsoft,unittest-cpp,157,154
Microsoft,Azure-Services-Explorer,9,9
Microsoft,Ironclad,113,113
Microsoft,deep-space,8,8
Microsoft,vscode-MDTools,36,0
Microsoft,shelljs,337,337
Microsoft,run-in-terminal,8,8
Microsoft,HackBox,649,643
Microsoft,cpp-packages,846,846
Microsoft,Imagine_block-knock,14,14
Microsoft,DMTK,76,43
Microsoft,hiredis,413,413
Microsoft,oauth2-useragent,336,336
Microsoft,vscode-loader,59,60
Microsoft,fonts,19,19
Microsoft,ChakraCoreDoNotUse2,35,35
Microsoft,node-native-keymap,62,75
Microsoft,Windows-universal-labs,2,2
Microsoft,GarageData,2,2
Microsoft,GarageDataJob-AppInsights,2,2
Microsoft,ProjectOxford-MimicsAlarm,1,1
Microsoft,iCMSTest-Stage_ja-JP,1130,1130
Microsoft,vsts-tomcat,99,99
Microsoft,types-publisher,565,568
Microsoft,painless-config,17,17
Microsoft,moonshine,63,63
Microsoft,moonshine-monaco,28,28
Microsoft,dotnet-reliability,406,394
Microsoft,Imagine_planetary-pool,4,4
Microsoft,Office365APIEditor,51,55
Microsoft,clr-samples,14,13
Microsoft,multiverso-experiment,22,22
Microsoft,xblock-officevideo,12,12
Microsoft,AzureUsageAndBillingPortal,80,59
Microsoft,EventHubData,13,13
Microsoft,code-push-operations,37,18
Microsoft,springfield-sdk-samples,17,9
Microsoft,AzureNotebookSamples,9,9
Microsoft,DUCK,645,647
Microsoft,Cognitive-Emotion-Python,15,8
Microsoft,Cognitive-Face-Python,74,21
Microsoft,checkedc-llvm,138058,138054
Microsoft,SCXcm,4535,4498
Microsoft,deployr-maven,17,17
Microsoft,Docs-Experience-Guide,7,7
Microsoft,iCMS_WDG_Pilot_II_Prod_de-AT,1,1
Microsoft,iCMS_WDG_Pilot_II_Prod_es-ES,1134,1141
Microsoft,iCMS_WDG_Pilot_II_Prod_es-MX,359,365
Microsoft,iCMS_WDG_Pilot_II_Prod_kn-IN,357,363
Microsoft,iCMS_WDG_Pilot_II_Prod_pt-BR,1109,1116
Microsoft,Imagine_solar-system-viewer,2,2
Microsoft,sqlite-tracer,41,40
Microsoft,ionic-azure-conference-app,692,691
Microsoft,RecordTypes-CSharp,24,24
Microsoft,OnboardingGuidance,1,1
Microsoft,techcasestudies-private,5260,785
Microsoft,Cognitive-Speech-STT,1,1
Microsoft,iot-samples,80,83
Microsoft,Techcon_dogfooding_es-ES,9,0
Microsoft,mobile-center-sdk-dotnet,1336,1244
Microsoft,u-boot-solidrun,21849,21849
Microsoft,deprecated-pxt-microbit-electron,33,0
Microsoft,templates.vs.com.vscomuhf,24,25
Microsoft,aspnet-docker,20,11
Microsoft,PowerBI-visuals-corrplot,9,9
Microsoft,PowerBI-visuals-assorules,7,7
Microsoft,clarity-server,100,36
Microsoft,ef-conceptual-docs-temp,0,0
Microsoft,LoopBox-OutputAdapter-Sonos,1,1
Microsoft,r-server-campaign-optimization,73,63
Microsoft,angular2-slickgrid,54,34
Microsoft,sp-dev-docs.fr_fr,12,17
Microsoft,OMS-Auditd-Plugin,12,13
Microsoft,cpp-docs,775,1005
Microsoft,Dynamics-AX2012-ALM,0,0
Microsoft,windows-developer-blog-samples,21,16
Microsoft,BotFramework-FeatureBot,1,1
Microsoft,WebRTC-universal-samples,9,9
Microsoft,office-ui-fabric,0,0
Microsoft,android-company-portal-helper-bot,0,0
Microsoft,BikeSharing360_SalesEnablementDemos,0,0
Microsoft,L4,33,28
Microsoft,vsts-ibm-integration-bus-extension,8,11
Microsoft,GitStatusCache.NET,10,0
Microsoft,spwfsa01-mbed-os5,5,5
Microsoft,Windows-appsample-get-started-mg2d,1,1
Microsoft,BaselineManagement,4,29
Microsoft,sqldev,382,573
Microsoft,reactxp,98,199
Microsoft,vsts-cd-manager,12,32
Microsoft,pxt-bluetooth-temperature-sensor,0,18
Microsoft,BuildCast,3,3
Microsoft,diner-wp,10,10
Microsoft,azure-activedirectory-jwt-token-handler-for-dotnet,42,39
Microsoft,msphpsql,1111,551
Microsoft,cordova-plugin-indexedDB,25,15
Microsoft,X-Mem,220,217
Microsoft,TypeScript-wiki,1239,1282
Microsoft,dotnet-rbroker-framework,16,15
Microsoft,azure-activedirectory-interactive-auth-library-for-java,18,18
Microsoft,Windows-universal-samples,380,111
Microsoft,Windows-driver-samples,151,133
Microsoft,silicon-framework,237,236
Microsoft,optee_os,597,0
Microsoft,Code-Hunt,5,5
Microsoft,TypeScript-Site,83,82
Microsoft,cordova-docs,1864,1850
Microsoft,DXUT,106,106
Microsoft,DiagnosticBus,89,0
Microsoft,rDSN,3137,3127
Microsoft,VSProjectSystem,392,342
Microsoft,Win2D-Samples,50,50
Microsoft,machine,1162,1162
Microsoft,winsdkfb,359,315
Microsoft,cordova-samples-private,30,30
Microsoft,DataCentricCodeGenerator,1,1
Microsoft,openpublishing-test,519,316
Microsoft,CSharpSpark,34,33
Microsoft,vso-httpclient-java,47,35
Microsoft,mattercenter,1791,538
Microsoft,java-vm-creation-shortcut,1,1
Microsoft,ux_guidelines_fr-fr,8,0
Microsoft,customer-scripts,12,10
Microsoft,iot-devices,1,1
Microsoft,azure-slave-plugin,107,107
Microsoft,MEvent,6,6
Microsoft,IntuneDocs,9099,9091
Microsoft,Angara,42,42
Microsoft,volt,0,0
Microsoft,open-tools-new-hire-guide,62,62
Microsoft,team-explorer-everywhere,427,393
Microsoft,checkedc,458,206
Microsoft,vscode-react-sample,42,43
Microsoft,WindowsAzureToolkitForEclipseWithJava,51,50
Microsoft,Loop-Android-SDK-Samples,10,10
Microsoft,SimpleStubs,51,49
Microsoft,Loop-Sample-TestUser-IOS,13,3
Microsoft,docsmsftblog-content,88,88
Microsoft,Cognitive-LinguisticAnalysis-Windows,14,14
Microsoft,monaco-languages,81,75
Microsoft,Loop-iOS-SDK,109,108
Microsoft,mobile-center-sdk-ios,2545,2360
Microsoft,core-docs-samples-ci,63,62
Microsoft,iCMS_WDG_Pilot_II_Prod_ar-SA,1108,1115
Microsoft,iCMS_WDG_Pilot_II_Prod_cs-CZ,1093,1100
Microsoft,iCMS_WDG_Pilot_II_Prod_hi-IN,357,363
Microsoft,iCMS_WDG_Pilot_II_Prod_hr-HR,1095,1102
Microsoft,iCMS_WDG_Pilot_II_Prod_id-ID,355,361
Microsoft,iCMS_WDG_Pilot_II_Prod_ms-MY,351,357
Microsoft,PowerBI-visuals-wysiwyg,25,25
Microsoft,iCMS_WDG_Pilot_II_Prod_uz-Latn-UZ,353,359
Microsoft,backbone-virtualized-listview,179,180
Microsoft,LightGBM_dev,567,688
Microsoft,vscode-js-atom-grammar,11,11
Microsoft,aspnet-api-versioning,137,77
Microsoft,extension-manifest-editor,25,23
Microsoft,companion-device-framework,15,12
Microsoft,satcheljs-react-devtools,9,9
Microsoft,optest,81,25
Microsoft,csi-custom-validation-rules,105,95
Microsoft,Burrow,116,0
Microsoft,gulp-core-build-typescript,158,0
Microsoft,ICMSE2ETest_zh-CN,263,352
Microsoft,Techcon_dogfooding2_fr-FR,2,0
Microsoft,templates.msdn.partnercenter,534,534
Microsoft,nvs,29,0
Microsoft,PowerBI-visuals-RadarChart,55,41
Microsoft,PowerBI-visuals-forcasting-exp,14,14
Microsoft,vscode-tools,34,41
Microsoft,LoopBox-InputAdapter-Slack,35,35
Microsoft,ospo-metrics-service,12,12
Microsoft,peek,28,26
Microsoft,VSCode-KustoClient,3,3
Microsoft,BotFramework-Emulator,452,438
Microsoft,powerbi-visuals-utils-testutils,30,18
Microsoft,YARN-GPU,9041,9041
Microsoft,powerbi-visuals-histogram,22,22
Microsoft,BotBuilder-ToyBox,3,3
Microsoft,RadialController,4,4
Microsoft,MTCMRSWorkshop,80,80
Microsoft,pxt-adafruit,795,772
Microsoft,ssms-visualstudio-addin,11,11
Microsoft,PowerBI-visuals-History,978,972
Microsoft,dpm2012r2wap,5,5
Microsoft,mxchip-sdk,40,36
Microsoft,hiera-eyaml-keyvault,0,0
Microsoft,Azure_OSS_DevOps,0,0
Microsoft,ALMVM-2017,72,72
Microsoft,TestRepoProvision2,0,0
Microsoft,app-sushi,7,7
Microsoft,CSPARMPricingCalculator,22,21
Microsoft,sql-data-warehouse-samples,12,17
Microsoft,msodbcsql,3,3
Microsoft,xaml-standard,7,5
Microsoft,vscode-azureappservice,0,14
Microsoft,Product-Recommendations,56,94
Microsoft,DataConnectors,14,39
Microsoft,healthvault-dotnetstandard-sdk,101,322
Microsoft,Cognitive-Emotion-DotNetCore,17,18
Microsoft,botframework-scenarios,3,3
Microsoft,sql-ml-tutorials,117,118
Microsoft,TypeScript-React-Native-Starter,5,5
Microsoft,azure-puppet,155,154
Microsoft,steps,49,49
Microsoft,spec-sandbox,6,6
Microsoft,ApplicationInsights-node.js,602,454
Microsoft,QuickInject,36,36
Microsoft,moodle,70750,70750
Microsoft,ApplicationInsights-iOS,1382,1238
Microsoft,moodle-repository_office365,123,119
Microsoft,Vipr,300,278
Microsoft,BingImagePicker-iOS-SDK,2,2
Microsoft,TypeScript-Handbook,2178,1237
Microsoft,TSStyleCop,4,4
Microsoft,compose,1189,0
Microsoft,DirectX-Graphics-Samples,240,210
Microsoft,vscode-languageserver-node,465,436
Microsoft,VisualStudioUninstaller,75,75
Microsoft,ChakraCoreDoNotUse,93,90
Microsoft,vscode-extensionbuilders,523,523
Microsoft,MSBvNext-Staging,10,0
Microsoft,vscode-backspace,32,34
Microsoft,vscode-mock-debug,160,160
Microsoft,vscode-go,1071,0
Microsoft,vscode-hack,7,7
Microsoft,vscode-npm-scripts,104,105
Microsoft,SCXcore,2888,0
Microsoft,nav-mgmt-portal-content,50,32
Microsoft,SyncTasks,53,45
Microsoft,ospo-witness-process,698,619
Microsoft,ospo-witness-extension,1030,736
Microsoft,ospo-witness-cli,27,25
Microsoft,Sway_fr-fr,1,0
Microsoft,Sway_zh-tw,1,0
Microsoft,app-store-vsts-extension,273,250
Microsoft,iCMSTest-Stage,84,84
Microsoft,Windows-task-snippets,24,20
Microsoft,gitdemo,3,3
Microsoft,vsts-veracode,4,4
Microsoft,ghinsights,93,82
Microsoft,BotFramework,47,47
Microsoft,vscode-resharper-keybindings,14,14
Microsoft,Docker-Provider,121,102
Microsoft,VSLinux,6,9
Microsoft,sql-server-samples-private,37,37
Microsoft,FTLBoost_Internal,169,169
Microsoft,node-jsonc-parser,34,36
Microsoft,vsts-extension-build-release-tasks,322,258
Microsoft,wim2img,90,0
Microsoft,Loop-iOS-SDK-Samples,5,5
Microsoft,ChaNa,108,108
Microsoft,mcBV,10,10
Microsoft,vsts-rm-documentation,10,10
Microsoft,WhoisParsers,87,86
Microsoft,PowerBI-visuals,328,272
Microsoft,vscode-css-languageservice,104,122
Microsoft,TCG-log-parser-and-generator,1,1
Microsoft,fsharplu,47,34
Microsoft,Imagine_bee-control,2,2
Microsoft,iCMS_WDG_Pilot_II_Prod_vi-VN,1094,1101
Microsoft,fast-binary-indexed-tree-js,24,24
Microsoft,HandwritingPort,17,17
Microsoft,lagscope,3,3
Microsoft,satcheljs,182,123
Microsoft,vsts-extension-integer-control,75,61
Microsoft,gulp-core-build-karma,56,56
Microsoft,c3p,4,4
Microsoft,AX-Docs-Sandbox,243,229
Microsoft,Microsoft-graph-docs_zh-cn,51,54
Microsoft,PilotKedonov_zh-TW,1,0
Microsoft,iCMS-Dogfood-Demo-2016,3,3
Microsoft,Techcon_test2_de-DE,1,1
Microsoft,Loop-Sample-Drives-Android,4,4
Microsoft,sesopen,4,3
Microsoft,VCSamples,26,32
Microsoft,Windows-appsample-customers-orders-database,7,7
Microsoft,PowerBI-visuals-ChicletSlicer,76,52
Microsoft,vsdocs,2410,2227
Microsoft,pxt-adafruit-circuit-playground,188,168
Microsoft,DiagManager,27,25
Microsoft,pxt-microbit-releases,0,0
Microsoft,ghrequestor,63,59
Microsoft,powerbi-visuals-utils-colorutils,24,22
Microsoft,ExaStore,12,12
Microsoft,hdi-gb-cert,0,0
Microsoft,BikeSharing360_MultiContainer,6,6
Microsoft,sdlanalyze-api,4,4
Microsoft,QPID,18,18
Microsoft,mssql-docker,69,72
Microsoft,malmo-collab,1285,613
Microsoft,keyvault-configuration-resolver-node,12,12
Microsoft,VSE2017-SalesEnablement-Demos,735,745
Microsoft,vsts-dashboards-manager,0,0
Microsoft,BotBuilder-Prototypes,172,172
Microsoft,SmartHive,26,33
Microsoft,powerbi-visuals-timeline,1,1
Microsoft,pgsqltoolsservice,24,4
Microsoft,AirSim,653,562
Microsoft,DSCEA,335,158
Microsoft,dtslint,70,86
Microsoft,SplunkAddonForAzureMonitorMetrics,26,0
Microsoft,ntp-client-mbed-os5,4,4
Microsoft,Windows-appsample-get-started-mg2d,1,1
Microsoft,powerbi-rest-api-specs,23,24
Microsoft,vscode-mongodb,22,48
Microsoft,pxt-chibitronics-built,21,26
Microsoft,vscode-SCMBuilders,6,9
Microsoft,Education,0,6
Microsoft,msodbcsql-homebrew-preview,0,3
Microsoft,jmw-testing-jwilcox-3,0,0
Microsoft,NCM-Driver-for-Windows,3,3
Microsoft,PQCrypto-SIDH,8,11
Microsoft,pxt-midi,3,43
Microsoft,Windows-tutorials-web,20,1
Microsoft,TypeScript-WeChat-Starter,4,4
Microsoft,lens-blur,72,71
Microsoft,cordova-plugin-websql,51,44
Microsoft,image-sequencer,29,29
Microsoft,o365-moodle,1226,1086
Microsoft,diskspd,60,54
Microsoft,openssl,12503,12495
Microsoft,ApplicationInsights-Home,215,210
Microsoft,msft-git-media,1,1
Microsoft,DACExtensions,75,72
Microsoft,drivers-external,6,6
Microsoft,Azure-PaaS-ChefClient,33,32
Microsoft,DirectXMesh,108,112
Microsoft,vsts-team-calendar,176,168
Microsoft,VisualStudio-TestHost,100,99
Microsoft,Windows-appsample-trafficapp,17,13
Microsoft,ApplicationInsights-dotnet,1226,1049
Microsoft,Virtualization-Documentation,5855,5793
Microsoft,compiler-tests,10,10
Microsoft,CreateDomJSTS,28,28
Microsoft,TACO-Site-Private,726,725
Microsoft,vscode,20483,18325
Microsoft,Instance-Adapter-for-Microsoft-Dynamics-CRM,15,15
Microsoft,binskim,273,167
Microsoft,hockeyapp-vso-extension,169,0
Microsoft,distributed_word_embedding,48,38
Microsoft,microbit-shake,2,0
Microsoft,prose,81,25
Microsoft,vscode-chrome-debug,691,691
Microsoft,vss-web-extension-sdk,84,83
Microsoft,vscode-LaTeX,30,21
Microsoft,gate,1001,0
Microsoft,Yams,130,100
Microsoft,msopentech-site-static,14,16
Microsoft,microbit-scratch,2,0
Microsoft,xblock-oembed,27,27
Microsoft,Build-PowerShell-DSC-for-Linux,505,552
Microsoft,vsts-react-native-tasks,100,0
Microsoft,OMS-Agent-for-Linux-testconfig,6,6
Microsoft,HackboxData,1,1
Microsoft,VBA-content_es-es,17,17
Microsoft,ATADocs,779,779
Microsoft,Azure-RMSDocs,4702,4703
Microsoft,Angara.Table,90,90
Microsoft,vscode-gallery-server,12,12
Microsoft,HolographicAcademy,120,35
Microsoft,CSharpClient-for-Kafka,171,95
Microsoft,MSR-SocialPlus-NodeJS-API-Library,23,23
Microsoft,FTLBoost_backup,298,297
Microsoft,devmsft,239,281
Microsoft,dotnet-tar,19,19
Microsoft,CppCodeAnalysis,1,0
Microsoft,Imagine_halo-5-api,4,4
Microsoft,vorlonjs-devtools,291,233
Microsoft,TPM-2.0-Parser,9,10
Microsoft,vscode-wiki,668,716
Microsoft,OMS-Ingestion-API-Binding-Python,9,9
Microsoft,OMS-Ingestion-API-Binding-PowerShell,12,12
Microsoft,Cognitive-WebLM-Windows,13,13
Microsoft,Cognitive-Face-iOS,45,27
Microsoft,cortana-docs-preview,347,347
Microsoft,UWPCommunityToolkit,3116,2630
Microsoft,visualstudio.xunit,122,122
Microsoft,templates.opsdocs.msft,7,4
Microsoft,Imagine_paper-cutter,1,0
Microsoft,web-controller,16,16
Microsoft,AzureAutomation-Worker-for-Linux,212,148
Microsoft,Word2Time,1,1
Microsoft,gulp-core-build-mocha,63,63
Microsoft,WinObjC-Tools,2,0
Microsoft,qCards,1,1
Microsoft,pxt-rpi,13,13
Microsoft,Azure-SQL-DB-auditing-OMS-integration,55,55
Microsoft,react-native-tools,54,52
Microsoft,Techcon_test2_zh-CN,1,1
Microsoft,360-Player,4,0
Microsoft,sourcemap-toolkit,211,93
Microsoft,docs-prototype,2,2
Microsoft,azure-media-redactor-visualizer,11,11
Microsoft,IIS.Administration-docs,33,40
Microsoft,dotnet-core-sample-templates,14,14
Microsoft,java-api-annotations,10,10
Microsoft,DiagManagerPrivate,18,18
Microsoft,SqlNexusPrivate,0,0
Microsoft,MapsOpenData,1,0
Microsoft,d365-cdm-clientsdk-httpProxy,6,0
Microsoft,pxt-filesystem,33,56
Microsoft,azure-ssl-configure,31,31
Microsoft,xbox-live-api-csharp,244,78
Microsoft,WakeYourPC_AndroidApp,1,1
Microsoft,powerbi-visuals-gantt,34,27
Microsoft,Analysis-Services,153,153
Microsoft,azure-keyvault-cpp,154,162
Microsoft,PowerBI-visuals-TableSorter,642,577
Microsoft,powerbi-visuals-linedotchart,11,9
Microsoft,refreshing-config-redis,20,17
Microsoft,oxa_kitchen_sink,27,26
Microsoft,function-configuration-resolver-node,6,6
Microsoft,xbox-live-beam-api-csharp,12,0
Microsoft,labrat,15,17
Microsoft,ospo-witness-clients,6,6
Microsoft,homebrew-mssql-release,4,4
Microsoft,vsts-ibm-websphere-extension,19,21
Microsoft,pxt-common-packages,222,174
Microsoft,healthagent,0,0
Microsoft,MachineLearning,0,3
Microsoft,SuperclusterAPI,0,11
Microsoft,dbfs,9,12
Microsoft,ApplicationInsights-Kubernetes,101,50
Microsoft,azure-tools-for-java-resources,4,3
Microsoft,Windows-tutorials-inputs-and-devices,17,1
Microsoft,Cognitive-Labs-Documentation-Dev,21,10
Microsoft,Cognitive-CustomVision-Windows,10,1
Microsoft,TypeScript-React-Conversion-Guide,6,6
Microsoft,here-launchers,18,17
Microsoft,Tx,380,372
Microsoft,azure-cookbook,3,3
Microsoft,dotnet-blog,1268,993
Microsoft,lumia-imaging-quickstart,9,9
Microsoft,moodle-local_o365,473,452
Microsoft,automatic-graph-layout,214,195
Microsoft,MSXiaoIce-SDK-for-Java,60,60
Microsoft,SimpleActivity,2,2
Microsoft,SimplePlaces,2,2
Microsoft,Telemetry-Client-for-Android,76,75
Microsoft,swarm,1659,1659
Microsoft,VisualStudio-SharedProject,458,451
Microsoft,ConcordExtensibilitySamples,51,48
Microsoft,CodeAnalysis,1,1
Microsoft,vscode-docs,3674,3875
Microsoft,Git-Credential-Manager-for-Windows,925,862
Microsoft,Lumia-imaging-sdk,7,6
Microsoft,MyShuttle-apps,1,1
Microsoft,vscode-typescript-import-helper,7,7
Microsoft,Imagine_diamond-miner,8,8
Microsoft,madeiraua-test,46,44
Microsoft,TSS.MSR,17,17
Microsoft,vstacoblog,324,283
Microsoft,deck,8263,8204
Microsoft,ApplicationInsights-Docker-Dockerfile,10,10
Microsoft,vscode-error-test,0,0
Microsoft,ospo-3rdpartycode-internaldoor,121,120
Microsoft,OpenPublishing-Tools,26,24
Microsoft,KafkaAvailability,70,70
Microsoft,ProjectOxford-Apps-MimickerAlarm-Dev,1,1
Microsoft,Build-MySQL-Provider,18,18
Microsoft,MIMPowerShellConnectors,31,32
Microsoft,GSX_PollGitHub,37,37
Microsoft,ospo-witness-cgsync,492,0
Microsoft,Sway_es-es,1,0
Microsoft,google-play-vsts-extension,149,159
Microsoft,iCMSTest-Stage_fr-FR,1175,1175
Microsoft,vscode-nls-dev,49,57
Microsoft,Build-Docker-Provider,31,34
Microsoft,edge-diagnostics-adapter,103,100
Microsoft,vscode-edge-debug,33,32
Microsoft,iot-dev,2,2
Microsoft,HDInsight-tools-for-java-private,2,2
Microsoft,NativeJIT,1,1
Microsoft,Migrate-assets-from-RM-server-to-VSTS,1,1
Microsoft,hidom,3,3
Microsoft,Partner-Center-Explorer,32,2
Microsoft,Imagine_rocket-launch-sim,4,4
Microsoft,xblock-azure-media-services,141,134
Microsoft,Loop-Sample-Trips-Android,31,2
Microsoft,monaco-editor-samples,6,6
Microsoft,ionic2-typescript-sidemenu,27,27
Microsoft,Build-SCXcm,44,42
Microsoft,vscode-json-languageservice,103,118
Microsoft,CSS-Exclusions-Polyfill,69,60
Microsoft,SkypeBotsWithAudioVideo,2,2
Microsoft,ospo-cops,125,125
Microsoft,iCMS_WDG_Pilot_II_Prod_de-CH,1,1
Microsoft,iCMS_WDG_Pilot_II_Prod_fr-FR,1153,1160
Microsoft,iCMS_WDG_Pilot_II_Prod_gl-ES,358,364
Microsoft,iCMS_WDG_Pilot_II_Prod_ru-ru,1106,1113
Microsoft,dumpling,98,99
Microsoft,WinObjC-Mway,2,0
Microsoft,GraphEngine,370,201
Microsoft,ci.jobs.template,7,7
Microsoft,Microsoft-graph-docs_ru-ru,19,20
Microsoft,ESCI-Jenkins,23,23
Microsoft,open-from-github,24,24
Microsoft,TestingAgainKed_zh-TW,1,0
Microsoft,templates.technet.msft,9,7
Microsoft,HelixNodeSample,4,4
Microsoft,Loop-Where-I-Am-Android,7,7
Microsoft,MgmtSolutions,0,0
Microsoft,Soran_Test,0,0
Microsoft,windows-community-content,20,20
Microsoft,windows-insider-content,3,3
Microsoft,pxt-backend,311,341
Microsoft,ReportingServicesTools,220,241
Microsoft,PowerBI-visuals-decision-tree,10,9
Microsoft,PowerBI-visuals-clustering-kmeans,13,13
Microsoft,CloudAppSecurityDocs,366,376
Microsoft,Cognitive-TextAnalytics-Windows,53,165
Microsoft,StoreBroker,121,37
Microsoft,ospo-metrics-web,5,5
Microsoft,BusinessPlatformApps,2581,2442
Microsoft,sp-dev-docs.ru_ru,12,17
Microsoft,sp-dev-docs.zh_tw,0,0
Microsoft,powerbi-visuals-utils-interactivityutils,27,24
Microsoft,Voice-Controlled-Calendar,1,1
Microsoft,ODBCTest,28,30
Microsoft,microsoft-r,140,147
Microsoft,DiagManagerMSFT,38,42
Microsoft,vsts-jboss-wildfly,29,27
Microsoft,DataStoriesSamples,23,23
Microsoft,WingtipSaaS-OLD,222,423
Microsoft,carbon,1821,396
Microsoft,GraphEngine,370,201
Microsoft,vscode-azurecli,38,99
Microsoft,mesos-log,23,31
Microsoft,EasyRepro,0,3
Microsoft,r-server-loan-credit-risk,58,9
Microsoft,checkedc-lnt,1,1425
Microsoft,moto-trial-racer-wp,6,6
Microsoft,ansible-azure,3,3
Microsoft,Thali,2,2
Microsoft,activate-sensorcore,4,4
Microsoft,puppetforgegate,2,2
Microsoft,js-client-library,75,75
Microsoft,ApplicationInsights-Android,929,926
Microsoft,dotnet-apiweb,92,81
Microsoft,mwt-ds-louiemart,61,61
Microsoft,HockeyApp-Jenkins-Jobs,61,61
Microsoft,moodle-profilefield_oidc,22,22
Microsoft,AppInsights-AgentStartupTask,8,8
Microsoft,mail2bug,127,115
Microsoft,ngconf2015demo,77,75
Microsoft,windows,57,49
Microsoft,CMake,30988,0
Microsoft,msft-demo-preview-tool,711,711
Microsoft,SCVMMLinuxGuestAgent,2,2
Microsoft,F12DevTools-Samples,2,2
Microsoft,java-example-client-data-io,7,7
Microsoft,Windows-appsample-marble-maze,14,14
Microsoft,Windows-classic-samples,19,10
Microsoft,LightLDA,65,61
Microsoft,vscode-textmate,161,169
Microsoft,PowerBI-Angular,75,72
Microsoft,graphics-driver-samples,327,315
Microsoft,vscode-tsd-recommender,5,5
Microsoft,distributed_skipgram_mixture,50,49
Microsoft,HackBoxAdmin,894,862
Microsoft,Partner-app-development,7,7
Microsoft,typescript-chrome-tools-extension,54,54
Microsoft,vscode-website,3941,3991
Microsoft,ux_guidelines_zh-cn,8,0
Microsoft,Angara.Serialization,10,10
Microsoft,VBA-content_ja-jp,10,10
Microsoft,VBA-content_zh-tw,24,24
Microsoft,Sway_ko-kr,1,0
Microsoft,microsoft-partner-center,48,48
Microsoft,EMDocs,1351,1356
Microsoft,moonshine-gateway,30,30
Microsoft,moonshine-docs,2,2
Microsoft,dapjs,29,27
Microsoft,AADConnectConfigDocumenter,50,51
Microsoft,AzureBeat,15,15
Microsoft,DirectXMath,52,52
Microsoft,RefDocTest,110,90
Microsoft,microsoft-r-deployr-api-content,1,0
Microsoft,api-compat,9,9
Microsoft,UWPCommunityToolkit-docs,766,744
Microsoft,iCMS_WDG_Pilot_II_Prod_af-ZA,351,357
Microsoft,iCMS_WDG_Pilot_II_Prod_ar-AE,1,1
Microsoft,iCMS_WDG_Pilot_II_Prod_en-AU,1,1
Microsoft,iCMS_WDG_Pilot_II_Prod_en-NZ,1,1
Microsoft,iCMS_WDG_Pilot_II_Prod_es-AR,1,1
Microsoft,PowerBI-visuals-chiclet,4,4
Microsoft,Docker-PowerShell-Private,234,234
Microsoft,ospo-witness-extension-ipscan,321,331
Microsoft,HandwritingInterop,9,9
Microsoft,VMM_CMS,4,4
Microsoft,ChakraSharp,7,7
Microsoft,AdminRepo_zh-TW,2,0
Microsoft,Techcon_dogfooding2_ru-RU,2,0
Microsoft,TestingAgainKed_fr-FR,1,0
Microsoft,ExPerfAnalyzer,17,17
Microsoft,ReSub,45,35
Microsoft,Reporting-Services-LoadTest,38,39
Microsoft,LightRNN,78,95
Microsoft,helix,325,101
Microsoft,powerbi-visuals-utils-chartutils,51,46
Microsoft,powerbi-visuals-utils-formattingutils,38,24
Microsoft,powerbi-visuals-utils-svgutils,28,22
Microsoft,xbox-live-api,362,131
Microsoft,FastRDFStore,16,16
Microsoft,dag-history-component,252,220
Microsoft,powerbi-visuals-pulsechart,44,37
Microsoft,PowerBI-visuals-dbscan,7,8
Microsoft,powerbi-visuals-dualkpi,10,10
Microsoft,NuGetIISAppServerConfig,16,21
Microsoft,wcf-docker-samples,14,18
Microsoft,mxchip-wifi-mbed-os5,4,4
Microsoft,PowerBI-Developer-Samples,17,13
Microsoft,SplunkAddonForAzureMonitorActivityLogs,15,0
Microsoft,vscode-springqbr,0,3
Microsoft,PowerBI-visuals-forcasting-exp-interactive,0,3
Microsoft,PowerBI-visuals-dbscan-interactive,0,3
Microsoft,Network-Adapter-Class-Extension,12,1
Microsoft,AI-Immersion-Workshop,109,108
Microsoft,HolographicSouvenirProject,5,29
Microsoft,ospo-testing-manager-new-repos1,3,0
Microsoft,BotBuilder-RealTimeMediaCalling,13,10
Microsoft,real-time-filter-demo,87,87
Microsoft,TypeScriptSamples,235,207
Microsoft,dotnet-features,39,39
Microsoft,dotnet-samples,37,35
Microsoft,azure-chat-for-java,31,29
Microsoft,fog,11150,11150
Microsoft,SimpleTracks,2,2
Microsoft,TypeScript-Docs,756,708
Microsoft,ConnectedServices,41,37
Microsoft,ApplicationInsights-App-Android,35,5
Microsoft,SharePointMigration,32,32
Microsoft,vso-private-test,1,1
Microsoft,js-example-fraud-score-basics,10,10
Microsoft,clang-cppstat,58249,0
Microsoft,llvm-1,120052,120052
Microsoft,azure-shortcuts-for-java,361,360
Microsoft,HockeyApp-DevApp-for-IOS,1742,1714
Microsoft,TVHelpers,232,230
Microsoft,generator-docker,313,206
Microsoft,ProjectOxford-ClientSDK,83,65
Microsoft,vscode-htmltagwrap,62,57
Microsoft,HealthClinic.biz,64,60
Microsoft,vscode-mvpsummit,5,5
Microsoft,connectDemo,0,0
Microsoft,vscode-filewatcher-windows,5,4
Microsoft,opensource-portal,172,156
Microsoft,cordova-plugin-hockeyapp,73,72
Microsoft,virtualization-ui,31,32
Microsoft,vscordovadocs,185,185
Microsoft,C-E-Localization,1,1
Microsoft,azure-gallery,966,966
Microsoft,ProjectOxford-Apps-MimickerAlarm,26,11
Microsoft,vscode-cordova,766,751
Microsoft,Sway_de-de,1,0
Microsoft,process-customization-scripts,11,10
Microsoft,Imagine_stealthbot,5,5
Microsoft,PBI-Solution-Template,1,1
Microsoft,azure-tools-for-java,138,83
Microsoft,moonshine-emt,104,103
Microsoft,moonshine-core,28,28
Microsoft,moonshine-angular,31,31
Microsoft,vscode-cpptools,21,21
Microsoft,pagination-control,43,42
Microsoft,knockout-simple-form,2,2
Microsoft,PowerBI-Ember,50,48
Microsoft,docsmsftblog,159,159
Microsoft,Build-2016-B808-AppExtensibilitySample,2,0
Microsoft,vscode-smoketest-express,2,2
Microsoft,bf-blog,47,3
Microsoft,FMLab,7,9
Microsoft,windows-snippets,28,24
Microsoft,multi-os-agent,50,50
Microsoft,monaco-editor,162,157
Microsoft,cordova-university,39,39
Microsoft,RServer-for-HDInsight-example-CriteoDataSet,5,5
Microsoft,sql-windows-containers,1,1
Microsoft,azure-webapp-deployment-jenkins-plugin,7,7
Microsoft,ospo-msght,432,432
Microsoft,deprecated-pxt-arduino-core,9,9
Microsoft,window-post-message-proxy,76,72
Microsoft,vscode-mssql,1980,750
Microsoft,vsts-seleniumgrid,66,4
Microsoft,elfie-arriba,440,168
Microsoft,iCMS_WDG_Pilot_II_Prod_it-IT,1093,1100
Microsoft,Imagine_dungeon-wizard,1,0
Microsoft,CSP-Hybrid-Identity,1,0
Microsoft,vsts-extension-color-control,74,65
Microsoft,node-library-build,51,51
Microsoft,bamboo-demo,1,1
Microsoft,PowerBI-visuals-example-using-external-libraries,7,7
Microsoft,PilotKedonov_de-DE,1,0
Microsoft,node-gc-signals,12,12
Microsoft,Techcon_test2_pt-BR,1,0
Microsoft,Techcon_test2_ja-JP,1,0
Microsoft,Techcon_dogfooding_ru-RU,9,0
Microsoft,vsts-rm-stash-webhook,3,3
Microsoft,vscode-generator-code-javascript,6,6
Microsoft,FERPlus,31,33
Microsoft,TechnicalCommunityContent,222,287
Microsoft,pxt-calliope,2666,2668
Microsoft,ELL,4560,0
Microsoft,ospo-witness-event,221,227
Microsoft,PowerBI-visuals-spline,19,6
Microsoft,sample-oauth2-js,2,2
Microsoft,SCCMdocs,4177,4243
Microsoft,azure-docs,165878,168834
Microsoft,vstsanalytics,87,54
Microsoft,Dynamics365-for-Operations-mobile-FleetManagementSamples,32,45
Microsoft,xbox-live-resiliency-fiddler-plugin,8,5
Microsoft,vscode-node-pack,0,0
Microsoft,DSCConfiguration.Tests,253,0
Microsoft,redux-dag-history,189,128
Microsoft,MRSWorkshopStudent,4,4
Microsoft,Essex-PowerBI-visuals-stateful,102,97
Microsoft,powerbi-visuals-globemap,42,29
Microsoft,tolerant-php-parser,528,517
Microsoft,CortanaRangers,6,6
Microsoft,vsixbootstrapper,29,29
Microsoft,mobile-center-app-shared,3,4
Microsoft,AutoSuggestPipeline,2,2
Microsoft,rx-pxt,4,4
Microsoft,malmo-challenge,106,50
Microsoft,pxt-arduino-built,0,6
Microsoft,MRDesignLabs_Unity,50,10
Microsoft,pxt-bluetooth-max6675,0,28
Microsoft,pxt-bluetooth-midi,0,68
Microsoft,CPS-Tools,3,4
Microsoft,ospo-keyboard-kitty,1,0
Microsoft,pxt-deep-net,2,5
Microsoft,TypeScript-Node-Starter,7,7
